股票代號,股票名稱,收盤價,MA5,MA20,MA60,成交量,成交值,量MA5,RSI,5日漲幅
1101,台泥,23.85,24.08,24.48,24.42,29787347,710428237,27356871,41.17,-1.24
1102,亞泥,33.0,33.84,34.62,34.87,17412403,574609299,15309067,31.98,-4.35
1103,嘉泥,13.2,13.16,13.23,13.53,410869,5423470,296846,45.32,1.54
1104,環泥,27.2,27.43,27.87,28.81,796781,21672443,681954,23.91,-0.73
1108,幸福,13.5,13.56,14.1,14.62,287382,3879657,328027,18.06,-2.17
1109,信大,14.45,14.51,15.03,15.26,127836,1847230,232515,25.77,-1.03
1110,東泥,14.1,14.1,14.62,15.15,244052,3441133,273281,38.5,1.44
1201,味全,12.1,12.11,12.22,13.13,580452,7023469,606192,37.3,0.0
1203,味王,42.7,42.65,42.75,41.26,17218,735208,39394,52.8,2.52
1210,大成,51.7,52.24,52.6,53.2,2759044,142642576,2130421,37.88,-2.45
1213,大飲,8.29,8.35,8.66,9.27,12234,101419,24442,37.43,-1.66
1215,卜蜂,129.5,140.3,138.98,144.2,6865670,889104265,2960966,29.97,-8.8
1216,統一,70.2,71.36,72.08,71.72,21412207,1503136866,16884103,40.0,-4.36
1217,愛之味,9.7,9.5,9.61,10.04,1108967,10756979,816799,48.9,2.97
1218,泰山,18.45,18.53,18.74,18.88,443533,8183184,590369,39.69,0.0
1219,福壽,12.35,12.45,12.97,13.53,537618,6639582,503397,22.95,-1.2
1220,台榮,11.75,11.82,12.12,12.49,80438,945146,117833,24.81,-0.42
1225,福懋油,29.25,29.58,30.8,31.83,203257,5945267,146813,38.96,1.56
1227,佳格,28.1,28.3,28.63,29.53,1723527,48431109,1117609,34.95,-0.71
1229,聯華,39.95,39.18,40.21,42.81,4439861,177372450,3842599,42.87,4.31
1231,聯華食,85.6,85.72,86.4,88.18,486763,41666912,379995,41.54,-1.15
1232,大統益,148.0,147.9,148.1,149.49,156086,23100728,102911,46.95,-0.67
1233,天仁,27.85,28.47,28.69,29.63,51777,1441989,24458,29.12,-2.45
1234,黑松,34.25,33.98,34.47,35.51,283201,9699634,160353,43.29,1.48
1235,興泰,39.1,38.14,41.34,41.34,2365,92471,12276,43.61,5.68
1236,宏亞,24.35,24.12,24.93,26.08,20647,502754,31970,40.72,2.74
1256,鮮活果汁-KY,192.0,188.7,179.0,163.85,151914,29167488,131279,63.97,4.92
1301,台塑,45.45,45.2,47.61,48.29,21723595,987337409,18337330,38.78,0.11
1303,南亞,95.5,89.48,88.41,84.55,123269910,11772276405,75207419,62.84,18.19
1304,台聚,11.9,12.14,12.78,14.08,3900411,46414889,4739031,34.75,-2.06
1305,華夏,12.1,12.27,12.97,14.54,3520340,42596115,3395291,35.98,-2.81
1307,三芳,30.6,31.12,31.58,32.52,1004916,30750429,890404,35.67,-2.39
1308,亞聚,12.85,13.14,13.54,15.21,2096313,26937622,2503369,34.71,-1.91
1309,台達化,14.8,15.41,16.85,18.27,3889719,57567841,4276443,34.15,-4.82
1310,台苯,7.7,7.92,8.41,9.95,3814703,29373212,3274098,26.61,-3.51
1312,國喬,9.98,10.3,11.09,12.71,7848646,78329483,6075432,28.85,-4.04
1313,聯成,10.3,10.55,10.79,11.89,2302496,23715709,2654566,33.24,-1.9
1314,中石化,6.9,7.04,7.1,7.83,17903309,123532833,17201217,36.83,-1.71
1315,達新,62.0,61.1,61.45,63.1,128895,7991490,39826,50.9,2.65
1316,上曜,10.15,10.35,10.89,11.85,2608565,26476933,2595145,31.22,-4.25
1319,東陽,78.7,80.26,78.85,81.61,2746051,216114205,2720405,46.18,-2.36
1321,大洋,29.05,29.17,29.58,31.96,172871,5021902,240678,28.32,-1.86
1323,永裕,20.2,20.12,19.78,20.11,78604,1587800,107930,51.65,1.51
1324,地球,10.2,10.18,10.3,10.73,232425,2370734,106235,40.71,0.0
1325,恆大,26.9,26.96,26.91,27.06,357440,9615135,399754,49.48,-0.19
1326,台化,45.45,45.18,47.29,46.85,20290090,922184605,14839345,44.46,2.02
1337,再生-KY,4.7,4.75,4.89,5.48,520904,2448248,629214,33.3,0.64
1338,廣華-KY,15.7,15.77,15.91,15.97,236983,3720633,237266,45.63,-1.26
1339,昭輝,40.8,40.77,40.67,41.18,65187,2659629,82850,49.4,0.87
1340,勝悅-KY,5.52,5.43,5.54,6.32,1428081,7883007,437270,40.78,1.66
1341,富林-KY,61.8,61.84,61.34,60.14,4244,262279,7049,55.81,1.31
1342,八貫,91.8,93.04,93.51,91.58,397900,36527221,277539,45.92,-0.22
1402,遠東新,23.45,26.18,26.2,26.68,162076058,3800683683,62932802,27.26,-12.34
1409,新纖,18.9,17.66,17.07,16.4,57261162,1082235939,20273190,73.08,13.51
1410,南染,26.25,26.37,27.17,30.12,20569,539936,62724,33.99,0.57
1413,宏洲,9.4,9.42,9.51,9.68,15009,141084,27188,38.17,-1.05
1414,東和,14.05,14.89,15.83,17.33,256573,3604850,293603,20.58,-10.79
1416,廣豐,11.1,11.13,11.23,11.45,361079,4007977,311225,35.41,0.0
1417,嘉裕,8.06,8.16,8.48,8.78,253149,2040381,161639,17.37,-1.71
1418,東華,18.8,17.86,18.48,18.66,139635,2625137,58140,55.91,5.03
1419,新紡,63.8,64.32,63.94,63.2,334276,21326808,276302,49.93,2.9
1423,利華,41.5,41.27,40.95,40.37,43216,1793464,130490,55.64,1.72
1432,大魯閣,16.05,16.31,16.55,17.18,507778,8149836,291829,31.6,-1.23
1434,福懋,15.0,15.12,15.53,16.28,2106973,31604595,2013902,29.79,-0.99
1435,中福,12.85,12.85,12.85,15.97,0,0,0,23.36,0.0
1436,華友聯,44.05,44.87,47.45,51.42,215572,9495946,378405,15.08,-3.72
1437,勤益控,28.25,28.36,28.74,30.17,85803,2423934,160924,28.3,-0.35
1438,三地開發,20.1,20.53,20.93,26.29,77897,1565729,53580,27.41,-2.66
1439,雋揚,25.4,25.83,26.08,27.07,23000,584199,85222,37.96,-0.39
1440,南紡,12.05,11.7,11.98,12.64,3533819,42582519,2607786,48.75,6.64
1441,大東,9.23,9.33,9.67,10.07,78211,721887,59285,36.6,-0.75
1442,名軒,25.8,25.89,26.44,27.0,352235,9087662,489267,39.59,-1.71
1443,立益物流,25.1,25.8,25.28,24.46,31001,778125,18595,49.32,-5.1
1444,力麗,5.79,5.89,5.95,6.18,1166274,6752726,1034308,34.37,-2.36
1445,大宇,11.8,11.8,12.09,12.67,168252,1985373,155550,43.13,2.61
1446,宏和,15.7,15.62,15.54,16.1,203798,3199628,191558,49.36,1.62
1447,力鵬,5.5,5.75,5.32,5.3,2260476,12432618,2482413,53.89,-6.62
1449,佳和,12.1,12.36,12.86,12.69,947167,11460721,1031995,39.77,-1.22
1451,年興,16.4,16.57,16.75,17.52,288410,4729923,318024,32.64,-1.8
1452,宏益,10.3,10.45,10.92,11.3,118153,1216975,104792,18.16,-2.37
1453,大將,11.3,11.33,11.47,12.0,77452,875207,53770,36.73,0.44
1454,台富,12.5,12.59,13.35,13.1,42213,527662,49162,38.91,-2.72
1455,集盛,8.12,8.11,8.12,8.56,794818,6453922,698810,43.45,-0.61
1456,怡華,13.05,12.95,13.42,13.77,94346,1231215,69073,42.86,0.77
1457,宜進,13.95,13.97,14.25,14.98,133467,1861864,178921,31.65,-1.41
1459,聯發,11.6,11.69,11.82,11.77,189893,2202758,278770,40.3,-1.28
1460,宏遠,6.87,6.94,7.04,6.98,584383,4014711,559319,40.27,-2.28
1463,強盛新,17.7,17.81,18.14,18.03,23846,422074,30390,42.33,-2.75
1464,得力,10.1,10.12,10.07,10.36,618276,6244587,541410,47.32,-0.49
1465,偉全,12.3,12.13,12.12,12.27,87343,1074318,84725,56.15,2.5
1466,聚隆,13.75,14.47,15.12,16.49,240328,3304510,168144,26.99,-6.14
1467,南緯,6.94,6.95,7.07,7.14,493568,3425361,330088,39.14,-0.14
1468,昶和,12.05,12.02,12.17,12.24,41001,494062,44850,45.77,1.26
1470,大統新創,22.0,21.92,22.01,22.37,7032,154704,9006,49.24,4.27
1471,首利,10.35,10.56,10.81,11.96,795697,8235464,628071,38.42,-0.48
1472,三洋實業,89.5,89.44,89.6,92.58,9372,838794,7532,41.91,0.79
1473,台南,20.05,20.25,20.61,22.71,247551,4963397,108206,29.3,-1.72
1474,弘裕,9.67,9.79,9.93,10.05,188998,1827610,167297,30.21,-2.62
1475,業旺,25.0,25.06,26.61,28.03,102060,2551500,65466,21.34,-1.19
1476,儒鴻,331.0,337.2,337.1,348.78,3134285,1037448335,2041087,44.76,0.15
1477,聚陽,215.5,215.9,216.62,241.6,4089221,881227125,2860126,44.43,1.17
1503,士電,221.0,202.2,196.95,196.58,20866623,4611523683,7272391,68.67,22.1
1504,東元,70.8,71.7,69.98,67.04,24965572,1767562573,16640998,55.48,2.61
1506,正道,10.1,10.36,10.42,10.98,466671,4713377,467509,40.72,1.0
1512,瑞利,6.82,6.94,7.14,7.37,96789,660100,98851,32.66,-3.94
1513,中興電,169.0,161.0,155.12,154.38,30787075,5203015675,17623697,70.53,13.8
1514,亞力,125.0,122.4,119.05,114.06,14305317,1788164625,7774403,62.97,10.62
1515,力山,21.95,22.48,22.32,23.51,1062135,23313864,539603,43.02,-0.23
1516,川飛,20.6,20.87,21.41,21.47,36206,745843,82895,42.63,-3.29
1517,利奇,9.95,10.02,10.13,10.91,459123,4568273,371332,30.89,-0.5
1519,華城,878.0,837.0,860.5,876.75,6230377,5470271006,2868454,54.37,14.03
1521,大億,24.5,24.52,24.71,24.99,44083,1080033,30857,45.48,1.03
1522,堤維西,28.6,29.2,30.48,33.24,1644722,47039049,955457,32.79,-1.72
1524,耿鼎,29.0,29.33,28.9,29.15,986839,28618331,1240771,49.65,-1.36
1525,江申,69.8,67.28,62.58,62.01,140753,9824559,166807,70.46,18.71
1526,日馳,14.3,14.49,15.2,16.61,141269,2020146,122274,26.56,-1.72
1527,鑽全,32.7,32.81,32.55,32.62,820641,26834961,443081,51.56,0.46
1528,恩德,25.05,26.01,26.64,25.49,5534314,138634561,5662024,43.89,-0.4
1529,樂事綠能,22.45,21.34,21.6,23.85,2027016,45506510,1106836,54.36,10.32
1530,亞崴,32.7,29.9,27.39,27.09,2053836,67160438,631684,86.79,19.56
1531,高林股,12.05,12.27,12.63,12.68,394968,4759364,276442,31.72,-2.03
1532,勤美,20.8,20.67,20.62,21.77,800971,16660196,563494,47.23,1.22
1533,車王電,38.65,38.97,35.24,32.06,596514,23055267,981780,74.35,1.71
1535,中宇,49.0,49.26,49.82,51.25,135441,6636609,111509,36.79,-0.41
1536,和大,49.7,50.96,52.15,51.79,3081853,153168096,2838104,44.6,1.22
1537,廣隆,125.5,125.5,124.5,124.05,118353,14853301,83735,55.75,0.8
1538,正峰,11.8,11.95,12.46,14.33,20277,239268,11153,30.92,-4.84
1539,巨庭,15.8,15.79,15.75,16.37,74440,1176152,120932,47.19,1.94
1540,喬福,20.85,21.1,20.95,21.68,443471,9246370,386759,45.72,0.72
1541,錩泰,20.55,20.52,21.94,24.07,37000,760349,36800,29.31,0.74
1558,伸興,90.7,90.68,90.92,92.52,103265,9366135,77685,46.51,0.78
1560,中砂,727.0,709.2,629.25,534.08,2060219,1497779213,2437974,70.37,19.38
1563,巧新,55.6,48.79,44.82,42.77,1388474,77199152,1058505,86.91,23.56
1568,倉佑,37.5,32.41,29.66,25.7,1409138,52842675,1195700,83.46,33.93
1582,信錦,110.0,113.6,100.05,96.0,7255097,798060670,10695198,58.03,2.8
1583,程泰,53.8,49.1,48.08,46.25,145075,7805034,68623,72.63,14.23
1587,吉茂,29.2,28.52,30.06,34.16,816637,23845801,438413,37.73,4.29
1589,永冠-KY,5.54,5.54,5.54,6.54,0,0,0,24.04,0.0
1590,亞德客-KY,1435.0,1436.0,1462.25,1224.5,612743,879286205,706247,55.94,2.14
1597,直得,199.0,194.1,178.2,120.4,9327929,1856257871,6444062,63.53,16.37
1598,岱宇,20.0,20.13,20.53,20.0,178713,3574260,229741,45.48,-1.48
1603,華電,31.15,30.8,31.33,32.93,301833,9402097,416236,46.72,5.95
1604,聲寶,23.35,23.26,22.99,24.06,437318,10211375,417830,51.06,1.08
1605,華新,37.5,36.92,34.41,32.72,48851868,1831945050,56199412,63.24,13.29
1608,華榮,33.65,33.45,33.08,33.06,3216295,108228331,3483157,54.38,6.83
1609,大亞,36.75,35.87,34.42,34.43,10638281,390956826,7281166,65.27,8.73
1611,中電,11.5,11.41,11.54,12.26,904791,10405096,621096,44.91,3.14
1612,宏泰,36.9,36.74,36.42,35.51,1570622,57955954,997393,59.99,3.22
1614,三洋電,31.0,30.82,31.34,32.04,121221,3757851,69316,40.63,0.49
1615,大山,42.9,43.01,44.08,45.46,279779,12002519,186063,36.6,0.47
1616,億泰,21.25,21.78,21.78,23.59,748766,15911277,649329,39.9,0.0
1617,榮星,14.65,14.71,14.8,14.98,153904,2254693,190520,45.92,2.45
1618,合機,41.8,40.43,39.02,39.99,2681124,112070981,1944424,65.58,9.14
1623,大東電,238.5,228.4,233.25,213.18,554874,132337449,249269,58.53,10.67
1626,艾美特-KY,10.05,9.97,10.49,10.53,281046,2824512,97879,39.03,1.52
1702,南僑,32.9,33.09,33.74,35.41,698436,22978545,525411,31.81,-0.3
1707,葡萄王,99.6,101.72,108.08,115.71,834019,83068291,579936,11.05,-3.77
1708,東鹼,38.45,39.13,39.83,40.29,2428920,93391975,3198089,43.48,-2.78
1709,和益,19.2,18.88,18.54,18.25,2090901,40145300,1143773,62.7,5.79
1710,東聯,12.95,12.97,12.48,13.45,3202116,41467401,5793750,51.96,0.0
1711,永光,51.0,50.72,53.59,43.96,18274671,932008221,16178466,51.39,8.97
1712,興農,39.55,39.65,41.11,43.27,1033054,40857284,1336246,26.74,-2.35
1713,國化,49.25,48.49,47.49,47.28,479344,23607692,299869,63.08,4.34
1714,和桐,9.4,9.61,9.59,9.67,4279820,40230306,2960254,44.21,-1.26
1717,長興,84.5,82.48,79.59,71.92,86923320,7345020540,58701803,61.21,16.23
1718,中纖,6.31,6.41,6.48,7.0,5028837,31731961,3499110,38.39,-1.87
1720,生達,61.2,61.74,61.41,62.54,396744,24280733,278325,44.16,-0.97
1721,三晃,30.15,29.33,29.22,22.78,7602747,229222819,7292165,57.03,7.68
1722,台肥,45.65,45.92,46.74,46.33,3498941,159726661,2460736,45.48,-0.22
1723,中碳,81.0,81.76,79.82,78.14,714476,57872556,907003,53.48,1.63
1725,元禎,31.0,31.07,31.24,30.78,138430,4291330,132544,49.2,2.82
1726,永記,76.9,76.92,76.44,76.03,46137,3547935,46718,56.22,0.13
1727,中華化,96.5,98.6,85.47,64.75,11950139,1153188413,17438519,67.23,14.07
1730,花仙子,52.4,52.6,52.69,52.84,50331,2637344,56749,41.15,-0.95
1731,美吾華,21.4,21.5,21.6,21.75,414335,8866768,189871,36.56,-1.15
1732,毛寶,26.4,26.47,26.42,26.27,231135,6101963,234436,50.5,-1.12
1733,五鼎,29.9,29.79,28.96,29.27,140759,4208694,221960,61.25,0.17
1734,杏輝,30.6,30.63,30.85,31.14,322503,9868591,368658,41.24,-0.16
1735,日勝化,25.95,26.41,26.41,25.9,753631,19556725,772536,47.96,4.22
1736,喬山,116.5,119.0,122.2,123.98,644283,75058969,479026,42.83,-6.8
1737,臺鹽,31.55,31.53,31.55,31.7,102841,3244633,135703,46.84,0.16
1752,南光,32.5,32.58,33.1,35.03,74357,2416602,101703,26.77,-0.61
1760,寶齡富錦,60.5,61.14,63.22,62.95,184920,11187660,176697,37.85,-0.82
1762,中化生,39.7,39.04,35.52,30.91,543340,21570598,670353,66.75,2.45
1773,勝一,195.0,186.6,176.62,159.84,3128586,610074270,2275214,68.89,19.27
1776,展宇,18.15,18.43,17.62,16.41,132727,2408994,246400,57.41,1.4
1783,和康生,38.2,38.58,38.96,41.3,130061,4968330,179104,36.18,-1.93
1786,科妍,53.3,55.94,56.57,61.84,283341,15102075,334166,36.81,-10.12
1789,神隆,19.0,19.16,19.53,20.66,560610,10651590,744754,35.06,-0.52
1795,美時,191.5,196.3,208.98,224.24,1851401,354543291,2282737,34.82,-0.52
1802,台玻,72.8,70.9,68.63,63.29,153822435,11198273737,168746326,59.32,13.93
1805,寶徠,9.98,10.04,10.37,10.65,163654,1633266,152480,30.96,-2.63
1806,冠軍,7.97,8.03,8.18,8.41,516034,4112790,444490,36.11,-0.87
1808,潤隆,28.45,28.89,28.85,29.87,1470770,41843407,1648692,41.28,-2.57
1809,中釉,44.4,44.01,37.37,30.3,13151731,583936876,6149320,66.87,15.47
1810,和成,19.9,19.15,18.51,18.04,11121068,221309248,3555605,66.85,8.15
1817,凱撒衛,39.2,39.37,39.13,38.88,32947,1291522,49416,51.06,-0.76
1903,士紙,49.25,49.07,48.83,49.68,424995,20931003,351850,51.67,3.36
1904,正隆,18.9,19.01,18.45,18.44,1474226,27862870,1736899,52.87,2.72
1905,華紙,11.85,12.06,12.31,13.03,3135710,37158164,3692693,38.0,0.42
1906,寶隆,10.05,10.37,10.78,11.37,207862,2089013,194128,25.43,-3.37
1907,永豐餘,24.0,24.51,24.2,24.81,1788535,42924840,1097511,44.26,-0.83
1909,榮成,8.9,8.94,9.04,9.38,3158648,28111965,3100640,38.57,-0.56
2002,中鋼,19.1,18.98,18.64,19.22,96944022,1851630857,129805048,53.16,5.52
2006,東和鋼鐵,66.9,65.88,66.15,70.84,2369609,158526845,2237504,49.41,2.45
2007,燁興,7.44,7.33,7.27,7.79,581062,4323101,879411,51.12,7.36
2008,高興昌,28.15,27.81,27.73,27.87,26017,732378,22296,56.81,0.9
2009,第一銅,39.7,39.6,38.99,40.44,1725954,68520375,2075600,51.37,4.47
2010,春源,22.95,22.72,23.43,24.1,1724210,39570620,1766662,43.18,3.38
2012,春雨,14.5,14.52,14.75,15.47,60040,870580,113407,41.76,1.05
2013,中鋼構,42.4,42.35,42.49,43.38,124734,5288721,144885,46.04,1.07
2014,中鴻,18.0,17.87,17.72,17.96,8430805,151754490,15599557,52.22,5.88
2015,豐興,62.0,62.08,62.24,64.05,287471,17823202,313880,47.5,0.32
2017,官田鋼,8.91,8.8,8.74,9.37,812669,7240880,1222102,50.55,4.58
2020,美亞,21.25,21.46,21.71,23.27,763706,16228752,540611,35.25,-0.47
2022,聚亨,7.63,7.77,7.92,8.59,1288878,9834139,1634745,39.92,1.46
2023,燁輝,13.65,13.7,13.87,14.2,2492481,34022364,3478155,42.46,0.0
2024,志聯,13.8,14.07,13.86,14.51,12212,168525,21306,45.71,0.0
2025,千興,12.1,12.15,11.75,11.54,355177,4297641,548489,53.6,3.86
2027,大成鋼,42.45,42.38,39.93,38.08,27186498,1154066860,32038397,61.9,3.16
2028,威致,16.9,17.33,17.09,17.91,240990,4072730,325958,44.47,-0.29
2029,盛餘,20.45,20.5,20.29,20.54,293343,5998864,384091,51.35,0.49
2030,彰源,18.0,17.78,17.09,16.34,1773357,31920426,2251638,60.3,4.35
2031,新光鋼,38.85,38.78,39.25,39.56,928457,36070553,1261018,46.74,1.44
2032,新鋼,18.0,17.4,16.71,16.32,2386906,42964308,2284667,62.26,9.76
2033,佳大,15.1,15.34,15.24,15.82,185346,2798724,224629,41.15,-0.33
2034,允強,20.05,20.16,20.5,20.42,1599201,32063978,1784872,46.08,1.26
2038,海光,13.75,13.78,13.77,14.69,1089515,14980831,1559567,46.01,3.0
2049,上銀,409.0,392.7,357.05,286.77,7786460,3184662140,7215029,75.36,13.77
2059,川湖,4920.0,4984.0,4777.25,3892.25,561624,2763190080,298362,58.06,9.33
2062,橋椿,18.2,18.38,19.68,20.58,452927,8243271,698589,20.99,-1.89
2069,運錩,19.2,19.35,19.37,18.92,538306,10335475,526384,48.96,-0.78
2101,南港,29.75,30.43,32.16,33.85,3210216,95503926,2597815,32.05,-3.25
2102,泰豐,18.2,18.19,18.38,19.07,297521,5414882,384116,41.97,2.54
2103,台橡,18.8,19.56,20.15,19.91,7008969,131768611,4870116,40.22,-7.62
2104,國際中橡,9.86,9.98,10.15,11.38,2358126,23251121,2220378,34.35,-0.6
2105,正新,31.55,31.89,31.77,31.15,8985121,283480560,10462067,47.02,-1.56
2106,建大,16.65,16.71,17.01,17.93,979265,16304761,1131622,35.03,-0.3
2107,厚生,24.75,24.99,25.58,25.49,358600,8875350,334234,34.45,-1.79
2108,南帝,27.0,27.57,27.42,26.39,2378085,64208295,1612420,48.51,-2.0
2109,華豐,13.9,13.99,14.05,14.56,204576,2843606,166638,37.68,0.0
2114,鑫永銓,91.6,90.82,88.88,88.73,91242,8357767,158582,75.12,2.69
2115,六暉-KY,20.75,20.73,20.75,21.56,218444,4532713,90949,46.15,1.72
2201,裕隆,26.45,26.87,27.1,27.52,2788155,73746701,2852508,41.67,0.38
2204,中華,52.6,53.0,53.31,54.63,1692690,89035491,1593373,41.91,0.77
2206,三陽工業,59.8,59.78,58.35,58.53,1895964,113378645,1531901,59.97,2.57
2207,和泰車,466.5,463.4,471.2,492.8,498808,232693932,401754,42.09,0.0
2208,台船,18.1,18.34,19.45,20.54,4171744,75508567,3986629,33.56,-0.82
2211,長榮鋼,91.7,92.16,95.46,98.79,827041,75839657,725779,30.04,0.33
2227,裕日車,48.4,48.92,50.91,51.52,84677,4098366,31754,31.24,-0.82
2228,劍麟,81.9,83.14,85.22,88.44,249119,20402846,218064,37.45,1.87
2231,為升,104.5,106.0,110.85,108.91,525631,54928439,409975,40.19,0.48
2233,宇隆,365.0,363.1,319.32,259.63,2137336,780127640,3696016,69.13,9.94
2236,百達-KY,141.5,142.6,137.43,123.8,419522,59362363,644701,58.63,8.43
2239,英利-KY,22.3,22.37,22.04,23.03,110351,2460827,99470,48.98,3.72
2241,艾姆勒,36.35,37.22,33.19,30.77,1702111,61871732,3274127,62.21,8.35
2243,宏旭-KY,23.75,23.11,23.52,20.9,493050,11709937,715126,55.2,13.64
2247,汎德永業,204.5,205.3,209.45,227.84,68841,14077984,88628,30.73,0.25
2248,華勝-KY,54.3,54.52,55.1,52.49,37339,2027507,42459,48.69,-1.63
2250,IKKA-KY,60.7,61.82,62.97,63.47,118142,7171219,112187,39.5,-2.25
2301,光寶科,246.0,224.9,204.85,174.53,57539610,14154744060,39713641,74.81,20.59
2302,麗正,32.7,30.41,24.28,20.28,15419767,504226392,12029713,79.01,31.06
2303,聯電,143.5,125.8,103.61,76.48,280017949,40182575681,261404162,82.31,32.87
2305,全友,22.85,20.16,17.54,16.28,5955550,136084319,8297398,77.42,37.65
2308,台達電,2520.0,2257.0,2168.75,1778.83,13873795,34961963400,10660680,73.07,31.59
2312,金寶,37.35,35.39,30.13,25.96,165577436,6184316981,133636965,69.49,31.98
2313,華通,282.0,280.2,258.08,244.36,76339953,21527866746,84950087,58.12,10.59
2314,台揚,15.6,16.04,13.99,16.05,729824,11385254,1135466,55.55,6.85
2316,楠梓電,168.0,162.5,134.28,114.44,11948880,2007411840,12141002,73.42,22.18
2317,鴻海,264.0,256.3,246.4,221.64,78164989,20635557096,71404343,69.73,10.0
2321,東訊,15.0,13.56,13.04,13.96,51569,773535,18389,71.36,18.11
2323,中環,10.3,10.25,10.21,10.72,8294859,85437049,11009663,49.98,9.93
2324,仁寶,33.4,32.7,30.18,30.34,116358890,3886387103,189072615,61.76,21.01
2327,國巨*,701.0,650.8,467.45,341.76,24734027,17338552927,42850828,85.7,34.81
2328,廣宇,53.8,54.34,52.67,47.96,9401950,505824902,14226022,57.25,6.53
2329,華泰,58.5,56.16,57.36,55.87,22857550,1337166675,13800039,54.22,13.81
2330,台積電,2300.0,2273.0,2246.5,2039.33,34742201,79907062300,25989451,60.68,5.26
2331,精英,20.55,20.79,20.32,21.76,4006860,82340969,6408473,49.23,10.19
2332,友訊,15.6,15.37,14.29,14.86,6316947,98544375,7956569,65.39,11.83
2337,旺宏,155.5,151.8,157.07,138.15,242364279,37687645384,148966532,52.78,10.28
2338,光罩,56.2,55.18,50.85,49.1,8506104,478043051,12053610,63.32,12.74
2340,台亞,40.1,38.52,37.8,32.14,14354313,575607929,11447093,61.27,16.4
2342,茂矽,44.05,42.48,40.65,33.98,13261579,584172544,10069062,66.11,15.16
2344,華邦電,155.0,132.7,117.89,106.26,438816841,68016610355,304943314,73.93,34.2
2345,智邦,2620.0,2546.0,2480.5,1962.25,3950276,10349723120,3550645,62.3,11.25
2347,聯強,85.9,84.6,83.57,79.58,5075455,435981592,4070086,61.17,2.63
2348,海悅,67.9,68.48,70.15,74.23,431124,29273320,324728,27.88,-1.74
2349,錸德,13.85,13.46,12.77,13.18,10536992,145937343,11049831,58.59,13.99
2351,順德,229.0,204.0,180.0,132.15,12546557,2873161553,9406564,79.96,27.22
2352,佳世達,27.55,28.05,25.93,24.75,8050448,221789836,16319371,61.22,5.76
2353,宏碁,31.4,30.75,28.61,27.8,61704879,1937533177,77506198,67.22,14.39
2354,鴻準,59.7,60.08,59.05,54.83,11035714,658832134,11209270,56.41,3.83
2355,敬鵬,62.6,64.98,56.44,50.95,29378068,1839067011,44781148,60.65,5.92
2356,英業達,62.0,60.72,52.5,46.51,79660687,4938962594,115721104,72.49,20.62
2357,華碩,701.0,689.4,648.7,595.75,4216562,2955809962,5024695,67.51,9.53
2359,所羅門,144.5,141.0,129.22,119.68,10223418,1477283901,7194976,67.21,13.33
2360,致茂,2625.0,2425.0,2287.75,1876.75,2634558,6915714750,2581801,68.81,27.12
2362,藍天,41.05,41.16,39.63,38.78,1376124,56489889,1972354,59.61,5.8
2363,矽統,66.8,66.62,60.54,53.92,26991623,1803040498,32111220,64.72,11.15
2364,倫飛,67.3,68.42,66.85,64.23,223979,15073787,276644,52.78,1.97
2365,昆盈,37.35,38.17,36.69,34.69,6142765,229432263,8674580,54.6,6.26
2367,燿華,67.1,66.96,63.07,68.13,40048888,2687280323,55864347,54.14,4.84
2368,金像電,1375.0,1372.0,1369.25,1123.77,5677144,7806073000,5584545,55.18,11.34
2369,菱生,40.15,34.84,31.67,30.51,90933858,3650994537,42085065,74.13,39.17
2371,大同,29.4,29.51,29.78,31.17,18384900,540516052,20888962,44.82,4.81
2373,震旦行,58.0,57.22,56.74,56.53,144116,8358728,70340,63.16,2.65
2374,佳能,80.8,82.14,80.55,74.35,9623905,777611553,10893344,54.69,2.54
2375,凱美,147.0,135.2,104.77,89.41,33098370,4865460390,25696045,83.97,31.84
2376,技嘉,332.5,328.8,311.25,268.38,9012980,2996815850,12939847,64.51,10.1
2377,微星,126.5,123.3,109.85,98.33,31204574,3947378611,42557210,72.92,15.53
2379,瑞昱,605.0,586.2,561.9,519.74,6036426,3652037730,3892426,64.49,6.7
2380,虹光,5.53,5.78,5.84,5.68,434307,2401717,314937,45.15,-5.47
2382,廣達,312.0,313.8,320.9,307.01,43543190,13585475280,41781000,47.65,7.59
2383,台光電,5305.0,5159.0,4830.75,3667.42,2110806,11197825830,2261598,67.09,20.71
2385,群光,135.5,132.1,129.43,125.49,6092849,825581039,3912892,62.6,5.45
2387,精元,40.35,40.09,39.79,41.3,1016653,41021946,902143,52.23,4.81
2388,威盛,75.9,82.42,78.08,63.31,12909879,979859835,27031883,51.02,-7.1
2390,云辰,10.7,10.51,9.91,10.06,1464488,15670021,1329399,64.95,7.21
2392,正崴,37.6,37.97,37.28,36.65,3195688,120157863,2794634,52.31,5.62
2393,億光,62.7,64.52,68.17,67.58,3794400,237908882,3167116,35.77,-1.1
2395,研華,509.0,490.0,452.15,379.95,4513901,2297575609,4426959,78.17,9.46
2397,友通,62.9,62.9,59.94,57.83,586123,36867137,722353,60.37,4.49
2399,映泰,48.0,47.13,45.06,36.38,16351793,784886064,16426581,60.42,13.74
2401,凌陽,31.05,30.18,26.36,23.17,30598354,950078868,36990964,74.03,15.43
2402,毅嘉,68.7,66.98,67.8,61.5,12472809,856881940,12576810,54.69,10.99
2404,漢唐,1235.0,1200.0,1050.65,989.72,4999334,6174177490,5823139,73.12,20.49
2405,輔信,16.4,16.53,15.53,15.48,2407752,39487131,5056162,58.67,5.81
2406,國碩,34.9,33.19,32.6,33.15,22619298,789413534,13499263,58.46,16.14
2408,南亞科,312.0,303.0,287.6,248.15,205761598,64197618576,162305007,59.56,13.45
2409,友達,21.8,22.12,19.48,17.66,565132881,12319896374,444471146,60.07,16.27
2412,中華電,137.0,136.8,136.93,136.04,15600125,2137217125,13518403,50.72,-1.44
2413,環科,49.55,51.11,46.88,49.45,2941359,145744336,6263618,53.94,0.51
2414,精技,51.2,50.4,48.41,45.31,317382,16249958,361126,72.15,3.85
2415,錩新,26.65,27.03,26.95,27.94,139683,3722551,144924,42.87,0.76
2417,圓剛,50.2,50.57,49.93,41.44,2488028,124899007,3537246,57.25,5.8
2419,仲琦,30.5,31.23,30.37,31.7,1946757,59376088,2843704,47.1,2.01
2420,新巨,62.5,63.02,58.15,54.47,926894,57930875,1343830,67.73,6.11
2421,建準,162.0,160.0,149.9,142.88,7127737,1154693394,11572842,64.95,13.29
2423,固緯,82.6,77.82,69.37,56.49,691633,57128884,441626,74.92,13.62
2424,隴華,13.55,13.97,19.18,24.4,608366,8243359,285120,32.84,-24.72
2425,承啟,36.5,35.03,33.08,30.22,1826347,66661665,913451,68.8,11.79
2426,鼎元,77.8,78.64,69.54,48.59,19354484,1505778914,19188374,64.95,12.92
2427,三商電,20.3,20.51,20.93,22.61,720231,14620688,687996,32.31,-0.25
2428,興勤,266.0,247.5,209.28,181.09,2429297,646193002,2578990,88.07,19.28
2429,銘旺科,48.25,48.5,50.91,47.92,1339209,64616834,922188,47.16,-1.13
2430,燦坤,18.55,18.48,19.14,21.08,202875,3763331,163480,27.77,1.92
2431,聯昌,10.35,10.44,10.55,11.62,375691,3888401,478937,40.52,0.0
2433,互盛電,43.4,44.05,45.0,45.65,110457,4793833,109282,19.61,-2.69
2434,統懋,33.2,30.55,30.81,29.95,267901,8894313,91381,70.05,11.78
2436,偉詮電,78.1,78.12,74.05,66.8,12132852,947575722,12485808,59.4,8.77
2438,翔耀,25.3,22.96,22.33,22.07,1830520,46312154,551578,70.39,17.67
2439,美律,90.7,89.06,86.87,85.97,7037015,638257239,5384850,60.89,6.33
2440,太空梭,17.35,17.77,17.67,15.98,970166,16832380,947022,51.6,0.58
2441,超豐,136.0,124.8,103.06,94.13,19440291,2643879576,21650743,81.7,32.68
2442,新美齊,18.3,18.49,18.46,19.37,1791638,32786974,1538936,41.91,-0.81
2444,兆勁,12.3,12.58,13.11,13.19,830934,10220488,772834,38.46,-4.28
2449,京元電子,315.5,310.6,308.32,294.14,94975649,29964817259,58360829,54.26,13.69
2450,神腦,29.35,29.22,29.48,29.58,232393,6820734,240567,46.58,1.03
2451,創見,321.0,315.7,310.58,266.96,8847965,2840196765,6041505,58.54,3.72
2453,凌群,62.5,58.9,55.57,54.23,8951131,559445687,3425694,77.77,14.26
2454,聯發科,4640.0,4112.0,3488.75,2350.75,18194929,84424470560,13149940,79.51,43.65
2455,全新,418.5,419.5,376.3,302.87,3174016,1328325696,14674549,62.98,4.49
2457,飛宏,25.2,25.85,25.0,25.78,3361548,84711012,4136810,50.07,3.7
2458,義隆,164.5,162.9,148.78,138.51,3314700,545268150,4351338,69.82,7.52
2459,敦吉,67.0,66.82,66.49,66.19,299379,20058393,287709,54.83,1.67
2460,建通,31.95,32.27,33.11,30.42,801624,25611887,720278,47.01,3.06
2461,光群雷,15.65,16.28,16.39,16.78,906791,14191278,956053,39.19,-1.88
2462,良得電,20.25,20.66,20.72,21.91,394026,7979026,445108,40.2,0.25
2464,盟立,177.0,157.7,129.0,93.03,32476859,5748404043,24779518,79.92,42.17
2465,麗臺,86.0,85.68,81.88,66.08,3242548,278859128,2838500,62.87,13.76
2466,冠西電,47.7,48.84,50.85,52.31,265971,12686816,323816,40.66,1.92
2467,志聖,657.0,635.2,596.7,491.63,3133342,2058605694,3064446,62.81,18.59
2468,華經,33.1,33.73,33.67,34.93,243957,8074976,252372,44.55,1.53
2471,資通,50.6,50.56,51.27,51.64,326101,16500710,217147,44.32,0.8
2472,立隆電,337.5,290.0,231.9,170.12,12339897,4164715237,19566374,85.82,32.35
2474,可成,208.5,192.5,198.65,196.27,22588383,4709677855,10610524,58.98,13.93
2476,鉅祥,129.0,125.1,118.25,101.49,8018807,1034426103,8046608,66.29,13.16
2477,美隆電,20.55,20.9,20.84,22.85,291258,5985351,213548,36.06,0.24
2478,大毅,120.0,120.5,91.08,75.07,3715672,445880640,8271343,78.25,13.74
2480,敦陽科,146.5,147.5,147.5,143.13,522970,76615105,414450,51.64,0.0
2481,強茂,147.5,138.9,118.91,104.85,72198779,10649319902,58139018,77.07,10.9
2482,連宇,16.3,16.61,16.56,16.8,174414,2842948,175769,42.37,0.93
2483,百容,25.4,25.42,24.04,22.55,1136095,28856812,869464,60.73,8.55
2484,希華,52.6,51.39,43.29,35.93,21846397,1149120448,36165221,65.93,18.74
2485,兆赫,74.1,73.68,69.08,69.33,24978629,1850916370,37191097,56.59,4.96
2486,一詮,276.0,282.4,273.27,200.66,10087698,2784204648,10523553,58.56,6.98
2488,漢平,53.1,53.36,52.06,49.96,167684,8904020,294868,59.58,1.92
2489,瑞軒,50.7,51.42,44.52,41.05,80071156,4059607670,67715450,60.75,19.15
2491,吉祥全,22.55,22.47,20.01,17.27,1289606,29080614,1424522,64.65,14.18
2492,華新科,361.0,313.9,212.55,158.91,5293501,1910953861,8443452,90.24,49.17
2493,揚博,158.0,148.7,135.9,122.57,10159013,1605124054,6850246,65.91,22.96
2495,普安,50.6,45.53,40.04,37.38,27636468,1398405238,19481468,73.41,34.93
2496,卓越,65.0,64.66,64.82,66.34,23251,1511315,14995,48.32,1.09
2497,怡利電,57.9,57.94,57.16,51.49,357145,20678696,480336,55.28,3.21
2498,宏達電,44.65,45.41,42.77,41.63,13827877,617414729,16311574,57.32,-1.76
2501,國建,21.85,21.95,22.43,23.24,2373403,51858856,2409738,38.9,-2.02
2504,國產,34.95,34.93,34.77,36.31,1985167,69381588,1897917,46.89,0.58
2505,國揚,17.55,17.81,17.85,18.6,453431,7957713,373306,38.02,-1.68
2506,太設,8.65,8.65,8.68,8.84,111831,967338,140815,42.8,0.12
2509,全坤建,12.3,12.56,13.03,13.78,227853,2802591,258510,24.16,-3.91
2511,太子,7.62,7.67,7.75,8.0,1481078,11285814,1113338,34.64,-0.52
2514,龍邦,12.8,12.93,13.12,13.49,145272,1859481,240317,25.55,-1.54
2515,中工,12.85,13.21,12.99,13.9,7969512,102408232,13771935,45.97,1.98
2516,新建,13.6,12.64,13.0,13.53,1850325,25164420,649365,58.88,10.57
2520,冠德,30.05,30.29,30.17,31.12,1339181,40242388,1458328,44.44,-2.28
2524,京城,33.25,33.35,35.15,37.73,55318,1839323,141347,33.51,-3.06
2527,宏璟,36.25,34.65,34.12,32.64,924153,33500546,508358,64.43,9.85
2528,皇普,21.8,22.04,22.25,24.37,1260363,27475912,712085,27.63,-1.8
2530,華建,18.1,19.66,20.64,23.09,2964450,53656546,1783987,16.7,-13.4
2534,宏盛,17.55,17.8,18.28,19.34,1573869,27621399,829308,31.19,-1.4
2535,達欣工,78.0,76.8,74.78,72.93,918169,71617182,700907,62.48,4.56
2536,宏普,19.2,19.68,20.38,21.77,632111,12136531,580195,21.66,-4.24
2537,聯上發,9.39,9.58,9.96,10.2,1581149,14846989,1375562,30.34,-2.9
2538,基泰,9.37,9.38,9.6,9.97,418052,3917147,292715,37.25,-0.11
2539,櫻花建,33.2,36.21,38.56,44.45,4905077,162848560,2940323,11.48,-13.43
2540,愛山林,53.5,54.54,53.92,51.22,445762,23848267,757369,48.62,-3.78
2542,興富發,43.1,42.95,41.93,38.11,15145317,652763139,10661801,63.68,-1.37
2543,皇昌,41.5,43.29,42.57,55.84,1963257,81475165,5857997,40.03,-2.24
2545,皇翔,35.85,36.57,37.69,37.03,620249,22235925,458719,31.94,-4.02
2546,根基,87.3,85.46,84.98,84.46,184846,16137056,138076,67.76,3.44
2547,日勝生,9.9,9.97,10.11,10.6,2594802,25688538,2528551,31.64,-1.0
2548,華固,121.5,122.3,124.32,122.81,2286795,277845592,2202351,42.73,-1.62
2597,潤弘,157.5,160.4,158.82,158.07,613555,96634912,626083,47.74,-1.87
2601,益航,5.0,5.03,4.95,5.63,2245128,11225640,2408159,42.57,1.01
2603,長榮,211.5,213.6,208.98,206.81,33933427,7176919810,28441954,54.19,-0.47
2605,新興,31.0,31.09,32.31,35.9,3381286,104819866,4047393,39.71,2.99
2606,裕民,72.5,68.16,64.69,62.42,13377091,969839097,8303055,77.9,12.4
2607,榮運,47.3,47.89,47.59,50.59,955542,45197135,641502,40.96,-0.11
2608,嘉里大榮,28.6,28.85,29.51,30.48,859254,24574664,547023,15.81,-1.55
2609,陽明,52.6,52.1,50.27,53.21,32792946,1724908909,28209030,59.23,4.57
2610,華航,18.45,18.64,18.46,18.48,49702843,917017491,36394119,49.23,1.37
2611,志信,12.95,12.95,13.18,14.09,694545,8994357,578631,38.22,0.0
2612,中航,57.6,56.52,56.1,57.27,1140090,65669182,772596,56.49,5.11
2613,中櫃,21.65,21.84,22.01,23.4,411048,8899189,396574,36.44,0.46
2614,東森,18.15,18.16,19.12,20.08,1457561,26454731,1167702,25.75,0.0
2615,萬海,81.8,82.42,78.23,77.8,9760647,798420954,14469862,59.61,0.86
2616,山隆,13.3,13.51,13.75,15.9,442837,5889732,399352,32.02,-2.56
2617,台航,28.8,28.99,29.15,30.33,871351,25094908,761544,38.91,0.0
2618,長榮航,34.8,35.25,34.72,34.66,67312823,2342486189,58021789,49.79,1.46
2630,亞航,41.25,42.65,45.29,47.87,1269422,52363657,1006647,31.05,-3.51
2633,台灣高鐵,25.25,25.47,26.06,26.35,16964937,428364659,13671299,34.77,-2.32
2634,漢翔,45.5,46.12,47.16,48.86,4539854,206563357,3933572,38.16,-0.22
2636,台驊控股,66.9,66.74,66.89,67.61,351931,23544184,391287,49.79,3.24
2637,慧洋-KY,75.9,73.78,73.56,71.7,5511954,418357317,3669701,59.02,5.71
2642,宅配通,20.1,20.29,20.99,22.6,149255,3000025,106039,15.68,-1.23
2645,長榮航太,161.5,161.1,156.88,157.12,1850343,298830394,1788352,55.17,5.9
2646,星宇航空,20.05,20.26,20.32,20.97,7385929,148087870,6233804,39.43,-0.74
2701,萬企,10.2,10.24,10.46,10.68,182219,1858633,167583,31.91,0.0
2702,華園,12.75,12.9,13.92,13.46,66538,848359,54305,37.53,-1.54
2704,國賓,42.15,42.03,42.13,42.44,225902,9521769,117357,49.25,0.96
2705,六福,15.0,15.16,15.71,16.29,218941,3284115,220461,31.37,-2.28
2706,第一店,11.95,11.95,12.19,12.41,261899,3129693,154555,33.12,-0.42
2707,晶華,173.0,173.2,172.02,180.11,174288,30151824,174238,44.83,0.0
2712,遠雄來,14.75,15.07,16.26,16.09,16010,236147,11262,34.37,-1.34
2722,夏都,22.6,22.51,23.03,23.48,66362,1499781,39640,40.8,1.35
2723,美食-KY,60.2,61.74,64.26,67.3,486367,29279293,509157,26.33,-4.6
2727,王品,234.0,231.9,232.4,228.57,759674,177763716,406411,56.11,-0.21
2731,雄獅,166.0,162.8,160.75,163.21,1283514,213063324,1147337,60.15,3.75
2739,寒舍,34.7,34.74,34.66,34.44,92441,3207702,103088,49.87,0.43
2748,雲品,39.0,39.19,39.84,40.15,182864,7131696,139791,39.29,-0.64
2753,八方雲集,173.0,173.8,176.92,180.48,324271,56098883,362570,30.88,0.0
2762,世界健身-KY,81.1,82.14,78.61,75.61,52324,4243476,88477,61.08,-2.41
2801,彰銀,20.15,20.22,20.58,20.76,25293389,509661778,23333662,34.46,-0.98
2812,台中銀,18.8,18.87,19.32,20.14,16530940,310781659,11385847,31.74,-0.53
2816,旺旺保,31.95,31.36,30.84,30.76,305622,9764623,203863,62.83,2.08
2820,華票,16.7,16.82,16.84,16.9,930812,15544561,1118196,41.46,-0.89
2832,台產,52.9,53.1,53.02,50.05,197617,10453939,151797,56.43,-1.31
2834,臺企銀,16.15,16.03,16.1,15.69,32873914,530913698,24463089,54.94,0.62
2836,高雄銀,11.8,11.83,11.85,12.07,1343822,15857099,1074173,42.08,0.0
2838,聯邦銀,20.5,20.22,20.32,20.35,1663027,34092053,1240829,54.2,2.24
2845,遠東銀,11.9,12.01,12.11,12.35,15067776,179306528,11566578,32.79,-0.42
2849,安泰銀,13.8,13.43,13.54,13.43,174113,2402759,91653,57.66,4.94
2850,新產,141.5,138.7,134.35,124.51,609382,86227553,475766,71.49,2.17
2851,中再保,35.0,35.12,33.05,30.9,3292002,115220070,2803667,65.98,0.29
2852,第一保,26.85,26.9,26.48,26.3,453239,12169467,426839,61.58,-0.92
2855,統一證,44.9,41.98,40.12,34.75,16225053,728504904,8500359,73.75,14.54
2867,三商壽,7.54,7.58,7.69,7.77,8921233,67266096,8584166,38.85,-2.08
2880,華南金,29.95,30.93,32.16,33.66,78354315,2346711794,57231013,24.43,-6.55
2881,富邦金,110.0,100.48,95.68,90.82,92832987,10211628570,63067819,80.87,14.82
2882,國泰金,85.4,81.68,78.72,74.88,69883832,5968079359,51088832,74.5,9.63
2883,凱基金,22.3,21.72,21.87,20.9,108615064,2422115844,66699110,59.37,3.24
2884,玉山金,31.15,31.21,31.74,32.37,52243564,1627386998,43287714,38.61,-1.74
2885,元大金,59.5,56.54,55.29,49.67,39966642,2378015199,31535851,76.02,7.99
2886,兆豐金,39.45,39.69,39.66,39.43,29262101,1154389906,29944819,47.39,-2.11
2887,台新新光金,23.3,23.57,23.6,24.09,170373549,3969703561,134834866,44.26,-2.51
2889,國票金,14.55,14.62,14.62,15.34,3062730,44562722,2300210,41.04,-1.02
2890,永豐金,29.65,29.39,30.31,31.41,28902791,856967742,37161679,37.87,-0.5
2891,中信金,59.2,57.84,55.48,53.66,65166486,3857856020,53791752,70.48,2.42
2892,第一金,27.6,27.63,28.62,28.69,33653553,928838075,65944461,35.87,-0.54
2897,王道銀行,10.0,10.01,10.07,10.03,3689533,36895330,3471811,45.8,-0.5
2901,欣欣,22.45,22.71,23.3,23.5,33525,752636,19195,41.16,-1.1
2903,遠百,21.9,22.13,22.22,22.64,2744055,60094803,1857000,36.03,-1.13
2904,匯僑,14.15,14.19,15.16,16.3,50455,713938,79709,19.79,0.35
2905,三商,13.55,13.54,13.45,14.3,558641,7569585,579722,46.49,1.5
2906,高林,12.35,12.51,12.5,12.73,124255,1534549,185461,41.21,-3.52
2908,特力,21.35,21.21,20.88,20.39,740579,15811361,467722,73.71,1.91
2910,統領,21.55,21.33,21.74,21.7,18000,387899,9019,47.93,0.94
2911,麗嬰房,9.25,8.99,6.29,5.51,1939613,17941420,1625296,84.06,28.65
2912,統一超,206.5,213.9,223.15,223.82,13616234,2811752321,9248047,26.08,-6.98
2913,農林,10.65,10.83,11.04,11.82,1988142,21173711,1743670,28.05,-2.29
2915,潤泰全,43.55,43.54,43.68,46.61,3414247,148690454,3595557,45.09,-0.8
2923,鼎固-KY,23.95,22.44,23.16,21.77,97690,2339675,77979,54.5,16.55
2929,淘帝-KY,6.65,5.92,5.61,6.16,1256001,8352406,1074588,68.78,28.63
2939,永邑-KY,22.65,22.58,23.94,24.76,15071,341358,13014,29.87,-1.31
2945,三商家購,40.4,40.8,40.98,41.06,12537,506494,16987,45.17,-0.62
3064,泰偉,18.3,18.32,19.73,25.36,4125,75487,8249,34.38,-6.15
3066,李洲,20.65,20.84,19.27,19.09,402683,8315403,921252,58.44,-0.48
3067,全域,18.5,17.97,17.67,17.95,35010,647685,13002,59.81,6.94
3071,協禧,33.1,31.7,30.43,28.72,1839450,60885792,1340312,63.67,13.75
3073,天方能源,20.15,20.31,21.4,25.55,195657,3942488,140140,32.46,-0.74
3078,僑威,56.8,56.84,55.78,57.22,1402492,79661544,1532123,53.0,8.81
3081,聯亞,2885.0,2847.0,2743.25,2189.17,3409608,9836719080,2591200,55.96,11.82
3083,網龍,26.75,27.28,27.07,27.6,144163,3856360,159679,44.02,-4.46
3085,新零售,13.5,12.3,12.28,12.27,100514,1356939,26389,61.56,12.5
3086,華義,31.6,35.24,38.25,32.88,2054164,64911583,841951,32.53,-13.66
3088,艾訊,144.5,141.4,128.15,100.65,3011049,435096580,2458090,83.51,7.04
3093,港建*,54.7,53.93,55.97,52.08,2520798,137887652,2704145,49.08,14.44
3095,及成,44.2,45.84,44.38,37.06,37231,1645610,43999,56.05,-7.43
3105,穩懋,560.0,535.8,505.88,433.32,48111520,26942451200,34738728,62.31,25.42
3114,好德,28.65,28.29,26.78,26.35,732328,20981196,493607,65.15,5.72
3115,富榮綱,7.8,8.09,9.2,9.64,41566,324214,57915,21.48,-10.14
3118,進階,33.3,33.43,33.58,33.48,31139,1036928,28308,44.42,-0.15
3122,笙泉,33.35,35.02,35.95,29.86,450965,15039682,547938,47.01,-5.52
3128,昇銳,23.25,23.92,23.47,24.45,160413,3729602,301695,46.21,-0.64
3131,弘塑,3425.0,2996.0,2951.5,2743.67,416570,1426752250,544302,64.58,32.75
3141,晶宏,79.7,77.22,62.37,50.64,4522713,360460212,6245228,81.89,22.8
3147,大綜,184.5,184.7,178.1,173.29,315747,58255321,408715,59.45,3.36
3152,璟德,198.5,190.8,176.2,159.05,2326967,461902949,2619715,65.28,21.04
3158,嘉實,86.0,85.88,87.69,90.01,16402,1410572,17155,39.12,1.06
3162,精確,83.6,87.28,85.64,69.95,8290508,693086456,6181797,52.1,-1.76
3163,波若威,1100.0,1144.0,1073.85,1002.62,5861727,6447899700,4633163,52.12,15.55
3169,亞信,119.0,120.1,112.5,102.56,1176926,140054194,1258710,59.92,4.85
3171,炎洲流通,70.2,69.32,68.27,64.41,28103,1972830,51278,58.66,5.09
3176,基亞,34.65,36.73,34.3,32.39,1197440,41491297,1754302,51.54,-6.98
3178,公準,71.3,71.08,69.59,64.2,242493,17289751,264832,54.75,8.69
3188,鑫龍騰,22.85,23.49,24.47,28.04,447786,10231910,408357,29.08,-6.16
3191,雲嘉南,21.9,18.4,15.16,14.38,352848,7727371,226861,89.32,47.97
3205,佰研,52.9,53.8,54.72,55.39,124258,6573248,148878,37.81,-1.86
3206,志豐,37.75,37.69,36.81,37.24,313507,11834889,156500,53.33,-0.13
3207,耀勝,64.7,60.52,60.43,66.6,1431215,92599606,979669,56.49,11.36
3211,順達,464.0,420.1,384.42,355.58,19220170,8918158880,13875449,69.91,33.72
3213,茂訊,120.5,120.2,114.2,106.58,605149,72920454,910276,68.9,4.78
3217,優群,197.5,199.3,183.9,167.25,2669314,527189515,4278061,62.68,4.77
3218,大學光,130.0,129.7,132.0,133.66,328555,42712150,319682,47.72,1.17
3219,倚強科,85.7,88.8,79.11,69.48,794509,68089418,1380993,58.74,4.38
3221,台嘉碩,56.4,56.72,47.27,40.01,9863148,556281562,15306066,65.18,17.75
3224,三顧,39.65,40.66,43.77,43.18,186427,7391830,161886,40.0,-3.76
3226,龍鋒,41.5,40.25,40.9,44.0,12274,509371,6854,51.7,4.4
3227,原相,226.5,231.4,222.32,203.73,2895710,655878315,2646101,56.81,1.34
3228,金麗科,210.5,216.4,215.02,166.35,1094713,230437086,1258755,53.61,6.31
3230,錦明,30.45,31.84,33.14,37.88,1225972,37330848,566815,33.35,-5.58
3232,昱捷,20.85,21.73,21.16,22.05,86004,1793183,130638,42.03,1.46
3234,光環,103.5,104.7,102.41,98.59,2087410,216046935,2181964,51.14,6.7
3236,千如,56.9,54.93,40.42,34.13,14146593,804941163,12609312,81.58,29.61
3252,海灣,18.1,18.21,18.53,19.52,6055,109595,36419,37.92,1.69
3259,鑫創,16.0,15.99,16.79,17.2,43668,698688,68953,40.9,-0.93
3260,威剛,412.5,412.1,431.7,393.76,19498865,8043281812,15253091,48.87,1.73
3264,欣銓,229.5,225.0,222.9,184.71,8864655,2034438322,8054766,58.18,11.14
3265,台星科,189.5,186.8,181.02,159.86,2089961,396047609,2441859,61.47,11.14
3268,海德威,17.35,17.63,17.63,16.46,112187,1946444,175075,50.0,1.17
3272,東碩,16.55,16.97,17.76,17.25,71325,1180428,94883,39.8,-4.61
3276,宇環,14.0,14.15,14.87,14.41,121967,1707538,171393,41.03,0.0
3284,太普高,15.9,16.49,16.3,18.12,214943,3417593,318293,40.59,-5.92
3285,微端,31.8,29.53,28.9,28.58,361492,11495445,95738,76.03,11.58
3287,廣寰科,36.3,33.04,30.58,29.46,2849215,103426502,774557,78.29,16.35
3288,點晶,14.95,14.93,15.04,15.17,9340,139632,14417,47.03,-0.33
3289,宜特,169.5,169.4,176.05,158.93,2135577,361980301,1971731,48.43,5.61
3290,東浦,47.65,47.75,47.29,46.35,968286,46138829,829292,51.46,2.36
3293,鈊象,756.0,744.0,735.05,741.48,4854348,3669887088,2259400,56.84,3.85
3294,英濟,39.8,40.87,34.89,34.5,2269468,90324824,6135859,65.37,-1.73
3297,杭特,29.8,30.35,31.23,34.14,131421,3916345,101316,33.42,-1.65
3303,岱稜,48.35,49.12,49.9,47.74,431931,20883863,347996,46.79,0.94
3306,鼎天,46.65,46.52,46.25,46.92,269276,12561725,244912,51.08,4.01
3310,佳穎,76.6,73.9,70.39,72.39,1098900,84175738,379282,61.93,11.18
3313,斐成,11.15,11.52,11.6,12.33,197491,2202024,186056,37.3,-6.3
3317,尼克森,82.3,80.3,70.3,56.56,8405188,691746998,8236626,74.52,13.52
3322,建舜電,13.2,13.03,13.13,13.51,1366179,18033562,1085270,49.73,7.32
3323,加百裕,38.5,36.97,35.4,34.71,7313797,281581184,2988435,65.58,11.76
3324,雙鴻,1035.0,1019.0,1054.35,1031.5,2860677,2960800695,2694237,49.63,10.22
3325,旭品,11.85,12.06,12.38,13.09,388824,4607564,461457,38.36,0.42
3332,幸康,63.4,63.98,64.6,60.75,9364,593677,19485,48.89,-0.31
3339,泰谷,48.4,49.06,52.4,45.63,2607793,126217185,3232152,46.01,1.89
3349,寶德,18.15,18.61,21.19,25.49,221001,4011168,237804,13.36,-4.47
3354,律勝,32.5,33.47,32.25,29.01,1692298,54999685,1809836,53.33,2.36
3357,臺慶科,285.5,272.4,213.82,179.14,10221630,2918275365,9314556,77.41,23.59
3360,尚立,14.25,14.58,14.42,14.67,365355,5206308,457486,47.4,-0.7
3362,先進光,112.5,117.1,110.8,104.68,1285737,144645412,1906822,52.02,-0.88
3363,上詮,847.0,849.6,832.3,743.78,3859590,3269072730,3238129,53.0,9.01
3372,典範,22.05,21.23,19.72,20.24,2539596,55998089,2106549,69.69,15.75
3373,熱映,16.7,16.84,16.89,17.02,42472,709282,87156,40.43,-2.05
3374,精材,250.5,252.3,234.8,194.62,11381170,2850983085,13198797,58.62,8.44
3379,彬台,40.7,41.65,39.16,38.34,609094,24790126,989413,54.8,0.37
3388,崇越電,101.0,101.08,107.04,85.93,1395377,140933077,1326461,50.33,8.84
3390,旭軟,29.8,28.79,27.27,24.58,5409527,161203900,2713483,65.76,10.37
3402,漢科,154.0,145.5,139.52,131.48,5138309,791299586,2508879,70.14,17.11
3426,台興,47.75,47.74,47.71,47.54,5000,238750,10600,62.71,0.1
3430,奇鈦科,162.5,173.3,160.1,107.08,1619079,263100337,3195826,59.0,2.52
3434,哲固,29.0,28.98,28.76,29.13,87955,2550695,117355,50.28,2.65
3438,類比科,74.0,70.86,64.89,52.75,1269426,93937524,907827,69.29,9.96
3441,聯一光,51.7,54.02,43.58,36.07,3430329,177348011,5576762,65.88,7.37
3444,利機,117.5,104.52,94.4,77.93,2587945,304083537,1397276,75.72,31.28
3455,由田,255.5,281.1,276.88,193.86,3348912,855647016,3102190,50.12,-10.04
3465,進泰電子,27.5,27.41,28.37,35.36,3111,85552,26429,32.05,2.8
3466,德晉,33.75,33.85,37.25,36.97,1000710,33773962,847758,36.83,-2.46
3467,台灣精材,77.5,68.66,66.44,52.26,2146447,166349642,820298,71.25,27.26
3479,安勤,137.0,128.7,105.69,94.67,3122570,427792090,4263621,89.2,23.98
3483,力致,96.3,96.1,92.02,87.35,1208240,116353515,1443023,59.82,11.2
3484,崧騰,43.2,43.78,43.97,45.21,264184,11412749,294174,40.41,-2.04
3489,森寶,21.75,21.9,22.0,22.23,290592,6320376,139718,41.76,-0.91
3490,單井,39.4,41.45,34.85,29.4,3918209,154377440,6818531,64.42,6.49
3491,昇達科,2080.0,2005.0,1771.0,1614.0,616431,1282176480,1986329,67.03,18.52
3492,長盛,22.8,22.65,22.57,23.37,144368,3291590,98473,50.05,3.4
3498,陽程,155.5,155.2,123.91,90.87,1079164,167810002,1058600,74.34,8.36
3499,環天科,14.7,14.8,15.03,16.73,138116,2030305,126830,36.9,0.0
3508,位速,20.8,20.29,21.07,30.32,546060,11358047,397387,42.47,4.52
3511,矽瑪,20.1,20.67,21.26,20.1,346494,6964529,351100,45.54,2.81
3512,皇龍,20.45,20.39,20.52,21.0,62922,1286754,64293,39.86,0.74
3516,亞帝歐,23.5,23.56,22.17,20.34,150062,3526457,214108,58.88,2.17
3520,華盈,14.35,14.92,15.07,14.68,386921,5552316,251250,38.13,-4.97
3521,台鋼建設,12.2,12.72,13.34,13.81,119022,1452068,96005,31.53,-6.87
3522,御嵿,12.0,12.23,12.49,13.03,138299,1659588,111462,30.04,-3.23
3523,迎輝,13.2,11.23,11.7,13.54,24746,326647,29349,60.06,32.13
3526,凡甲,372.0,371.7,367.85,312.54,750893,279332196,1034624,60.41,4.64
3527,聚積,58.4,59.42,59.76,56.83,187686,10960862,275468,48.76,3.18
3529,力旺,3295.0,3534.0,3896.0,3293.33,1445004,4761288180,733338,40.91,-2.66
3531,先益,23.15,23.23,23.14,22.14,12010,278031,12026,53.34,-0.86
3537,堡達,67.2,69.26,53.47,47.22,6074992,408239443,5031264,68.15,16.26
3540,曜越,26.55,26.32,26.92,27.66,380426,10100310,293192,46.63,4.94
3541,西柏,22.4,22.57,22.99,23.6,60874,1363577,77598,26.93,-2.4
3546,宇峻,81.3,81.04,74.24,71.36,537524,43700702,537548,73.89,0.0
3548,兆利,96.5,98.2,98.89,92.45,792534,76479531,554794,47.39,2.33
3551,世禾,207.5,202.4,205.15,191.31,1975427,409901102,1200191,55.01,7.51
3552,同致,51.8,52.76,53.8,52.72,369383,19134039,269290,42.14,0.39
3555,博士旺,223.0,229.8,228.78,197.67,416247,92823081,412720,50.93,14.36
3556,禾瑞亞,56.1,55.58,53.09,48.12,414292,23241780,689053,61.88,8.72
3558,神準,129.0,129.8,117.1,118.4,685500,88429500,704822,60.92,9.79
3564,其陽,46.0,45.14,41.95,42.52,409983,18859218,430492,64.74,14.43
3567,逸昌,29.0,29.21,28.99,27.22,146729,4255141,291390,54.43,6.42
3570,大塚,171.0,171.7,169.5,168.48,33842,5786982,46381,54.38,-0.29
3577,泓格,146.5,147.6,111.52,84.08,1706432,249992288,1952236,75.89,9.33
3580,友威科,107.0,107.0,99.11,82.57,3465768,370837176,4915041,58.99,7.11
3581,博磊,252.0,255.6,224.78,133.66,3162810,797028120,1625868,65.4,22.93
3587,閎康,331.0,336.0,340.98,283.6,1778185,588579235,1708110,50.33,2.95
3594,磐儀,53.5,52.24,52.65,46.48,816575,43686762,601319,57.47,10.42
3597,映興,27.95,28.02,26.71,24.79,207159,5790094,273527,60.89,2.57
3609,三一東林,27.1,28.53,25.64,27.11,293564,7955584,359719,51.93,-6.71
3611,鼎翰,187.5,187.5,188.68,188.74,34300,6431250,50759,45.74,0.0
3615,安可,47.3,48.28,38.9,34.73,10650694,503777818,15056057,65.48,11.95
3623,富晶通,23.0,23.63,23.15,23.58,79605,1830915,124846,48.01,0.44
3624,光頡,94.0,92.9,72.87,58.73,6466961,607894334,5533757,85.51,4.44
3625,西勝,14.4,14.63,15.04,16.44,417434,6011049,394909,37.53,0.0
3628,盈正,66.0,65.22,65.92,66.7,78917,5208522,97247,49.77,6.62
3629,地心引力,16.0,16.52,16.72,17.7,65152,1042432,18430,42.41,-3.03
3630,新鉅科,26.15,27.02,26.79,28.6,791210,20690141,936235,41.53,-2.24
3631,晟楠,37.4,37.67,38.7,32.5,283650,10608510,226747,53.15,-1.71
3632,研勤,8.74,7.74,8.21,9.04,84278,736589,36612,58.37,15.3
3646,艾恩特,23.85,23.47,23.4,23.82,51805,1235549,24561,56.74,3.02
3663,鑫科,89.9,88.72,75.99,71.34,5247818,471778846,10152089,66.78,14.38
3664,安瑞-KY,7.67,8.44,7.84,9.78,15306,117397,36661,45.3,-6.8
3666,光耀,28.8,27.82,27.47,26.48,151581,4365532,196980,63.64,7.66
3672,康聯訊,11.25,11.18,11.48,11.43,19111,214998,59061,48.37,1.35
3675,德微,365.0,333.8,265.9,220.82,1797604,656125460,2424424,81.93,17.17
3680,家登,557.0,570.6,564.05,460.57,4130877,2300898489,3005114,54.36,10.08
3684,榮昌,59.0,60.7,59.59,59.96,111446,6575314,144591,47.55,-2.64
3685,元創精密,28.9,28.94,29.16,30.63,388022,11213835,527208,47.05,7.24
3687,歐買尬,67.5,68.64,66.24,67.92,98560,6652800,198840,51.31,-3.3
3689,湧德,130.5,124.9,126.35,121.61,7386917,963992668,3363419,57.4,10.13
3691,碩禾,155.5,148.6,141.12,123.96,5708068,887604574,3338873,62.97,11.87
3693,營邦,587.0,587.2,595.4,552.72,1214003,712619761,1461291,50.36,16.47
3707,漢磊,89.3,84.28,76.03,62.46,40882801,3650834254,27535250,69.08,22.66
3709,鑫聯大投控,86.3,88.22,84.62,75.18,3203525,276464217,3349534,56.56,3.48
3710,連展投控,6.25,6.28,6.42,6.52,448004,2800025,441887,45.63,1.3
3713,新晶投控,15.6,13.74,13.94,15.7,466003,7269646,213215,62.51,20.0
4102,永日,17.0,17.26,17.52,18.73,64263,1092471,85653,33.35,0.0
4105,東洋,73.2,73.78,74.41,76.29,1079288,79003878,666728,39.56,-1.08
4107,邦特,113.5,115.6,116.92,118.42,331323,37605160,176915,33.57,-2.58
4109,加捷生醫,11.2,11.36,11.44,12.33,189124,2118188,188911,36.62,-5.08
4111,濟生,30.0,29.99,29.96,29.61,132664,3979920,105051,53.76,-1.15
4113,聯上,14.5,15.01,14.96,16.5,181098,2625921,319029,39.2,-3.33
4114,健喬,30.25,30.57,30.77,31.11,1927848,58317402,1204109,33.17,-1.31
4116,明基醫,37.45,37.72,38.55,39.52,81618,3056594,51323,33.58,0.67
4120,友華,44.4,45.39,46.28,46.3,53212,2362612,48045,26.46,-4.1
4121,優盛,14.05,14.36,14.33,16.06,144713,2033217,222420,39.87,-0.71
4123,晟德,37.25,38.06,38.33,40.94,2766723,103060431,2500890,36.21,-2.49
4126,太醫,79.1,79.18,79.56,80.15,34307,2713683,87245,41.82,-1.0
4127,天良,66.7,64.8,47.97,40.21,493109,32890368,1807534,77.17,28.27
4128,中天,14.3,15.14,15.12,16.37,1848560,26434408,2722902,37.21,-2.05
4129,聯合,90.0,90.48,94.49,101.2,277258,24953220,529897,29.38,-0.66
4130,健亞,26.25,26.71,27.37,30.75,241290,6333862,231908,34.1,-3.85
4131,浩泰,33.05,34.13,35.05,35.71,16103,532204,52233,29.08,-5.84
4138,曜亞,50.9,51.4,53.01,58.48,24376,1240738,48006,26.76,-1.74
4139,馬光-KY,23.05,23.37,23.66,24.12,17764,409460,16989,42.74,-1.71
4147,中裕,47.85,49.1,49.59,51.4,1439728,68890982,1286580,42.05,-2.05
4153,鈺緯,30.7,30.7,30.5,32.13,38676,1187353,22379,45.53,-0.16
4154,樂威科-KY,13.2,13.75,13.22,12.91,22000,290399,20276,47.89,-8.01
4157,太景*-KY,9.02,9.15,9.41,10.54,2109666,19029188,1540839,30.01,0.0
4160,訊聯基因,41.05,41.03,42.38,44.64,179667,7375330,100400,38.4,-2.84
4161,聿新科,23.05,23.34,23.27,24.24,129567,2986519,91816,39.5,-1.28
4162,智擎,54.1,55.68,55.88,57.44,425167,23001534,439633,38.68,-3.39
4163,鐿鈦,116.0,109.5,104.65,105.53,355629,41252964,157797,60.78,3.11
4166,友霖,23.55,23.95,25.5,25.34,394773,9296903,492164,33.55,-6.18
4167,松瑞藥,18.95,19.08,18.96,19.83,723534,13710969,839201,44.74,0.26
4168,醣聯,28.25,27.15,24.46,24.06,870495,24591483,614037,74.0,12.55
4171,瑞基,17.75,18.07,18.38,18.88,217678,3863784,138289,37.13,-3.01
4173,久裕,18.0,18.22,18.49,19.77,152690,2748420,124975,22.03,-1.64
4174,浩鼎,28.65,30.5,32.42,35.99,660422,18921090,634772,21.61,-11.44
4175,杏一,54.0,53.28,53.61,54.45,55333,2987982,33576,51.33,1.69
4183,福永生技,13.1,12.83,13.41,14.95,4000,52400,24000,37.8,5.22
4188,安克,11.25,11.27,11.55,12.26,63305,712181,53915,35.84,0.9
4192,杏國,19.95,19.93,20.28,20.34,12578,250931,13221,44.86,-0.25
4198,欣大健康,39.8,39.31,38.47,38.83,9120,362975,11094,56.07,4.19
4205,中華食,72.7,72.88,73.49,75.75,39563,2876229,27880,29.11,-0.68
4207,環泰,19.35,19.4,18.59,18.92,235075,4548701,257034,63.45,0.52
4303,信立,47.35,48.57,50.26,53.5,1080320,51153150,861623,36.0,-1.97
4304,勝昱,27.15,27.93,29.37,28.77,12101,328542,18461,36.04,-3.38
4305,世坤,44.1,44.15,44.03,43.81,18003,793932,5401,52.15,-0.34
4401,東隆興,13.7,13.84,14.15,14.71,88530,1212860,128862,33.47,-4.2
4402,郡都開發,11.75,11.86,12.77,15.67,62366,732800,64368,30.28,3.07
4406,新昕纖,9.95,9.99,10.01,10.03,10000,99499,77200,45.66,-0.5
4413,飛寶企業,16.9,17.36,18.26,18.13,5116,86460,15432,28.55,-6.11
4416,三圓,10.75,11.38,12.04,13.87,1508666,16218159,1296178,33.9,-4.87
4417,金洲,45.55,44.89,45.79,48.85,209011,9520450,244618,41.57,1.56
4419,皇家美食,45.3,45.4,45.99,46.5,7005,317326,15193,45.16,-1.52
4420,光明,38.15,38.93,40.46,44.52,126633,4831049,114987,22.9,-4.62
4430,耀億,17.1,16.9,17.04,17.72,79955,1367230,34069,48.68,1.48
4432,銘旺實,16.8,17.03,15.69,15.37,42235,709547,63493,64.55,0.0
4433,興采,21.5,20.83,20.42,20.65,156474,3364191,60484,64.5,4.88
4442,竣邦-KY,50.7,51.08,53.25,57.23,146025,7403467,138607,28.04,-0.59
4502,健信,15.85,15.82,15.9,15.83,47311,749879,32015,49.76,0.63
4503,金雨,39.1,42.04,43.57,40.81,488185,19088032,332377,36.71,-6.68
4506,崇友,117.5,118.3,118.3,118.04,198807,23359822,88109,43.98,-0.84
4510,高鋒,48.45,49.51,48.15,45.18,6702484,324735354,5795228,52.18,4.31
4513,福裕,13.95,14.52,14.73,16.21,515920,7197083,510535,32.12,-4.45
4523,永彰,28.7,28.65,29.49,30.55,175121,5025972,171843,41.23,3.05
4527,方土霖,44.5,44.18,43.42,42.75,55023,2448523,53745,67.24,1.95
4528,江興鍛,15.35,15.6,15.72,16.97,50409,773778,37419,37.38,-0.65
4529,淳紳,5.13,5.46,5.22,4.08,154001,790025,135000,52.35,-15.62
4530,宏易,25.0,25.35,25.51,27.59,5012,125300,5680,40.89,-0.79
4533,協易機,32.0,33.22,31.85,31.99,5448624,174355968,5796466,50.21,0.95
4534,慶騰,25.75,25.06,23.86,25.64,1455561,37480695,1649497,57.05,18.39
4535,至興,27.0,27.26,27.43,27.82,37083,1001241,20031,36.75,-2.35
4538,大詠城,18.7,18.54,18.42,18.69,111481,2084694,57911,60.07,1.91
4541,晟田,44.2,44.09,45.65,44.4,1054880,46625696,767234,45.72,2.43
4542,科嶠,271.5,269.9,227.68,189.39,1296441,351983731,2394529,68.42,15.04
4543,萬在,38.2,38.95,38.91,35.23,340780,13017796,331568,51.21,0.39
4549,桓達,103.5,104.5,101.34,97.82,238789,24714661,344552,54.77,2.99
4550,長佳,25.0,24.89,24.59,24.83,17334,433350,25691,55.92,0.81
4554,橙的,30.85,31.28,30.78,29.18,27976,863059,79060,52.3,-0.32
4556,旭然,38.7,39.72,40.21,32.97,380103,14709986,318870,51.81,0.26
4558,寶緯,20.0,19.89,19.68,19.45,60000,1200000,67800,54.31,1.78
4561,健椿,48.8,50.14,47.2,38.49,1803035,87988106,1100686,59.47,2.31
4563,百德,48.6,49.54,49.03,45.26,344033,16720003,312715,52.85,2.21
4568,科際精密,40.55,40.29,40.52,41.59,2050,83127,8010,46.11,0.37
4577,達航科技,128.5,132.1,142.45,124.21,1431740,183978590,1676407,44.88,8.9
4580,捷流閥業,82.4,82.5,81.78,80.69,99835,8226404,87817,57.48,1.1
4584,君帆,43.1,45.2,42.3,42.62,22000,948199,19671,51.3,2.74
4609,唐鋒,5.2,5.4,5.24,4.99,42000,218399,12207,50.31,-5.45
4702,中美實,9.69,9.74,9.73,9.92,123177,1193585,96467,44.96,0.31
4706,大恭,31.2,31.06,31.7,31.08,6010,187512,11409,46.92,-0.48
4707,磐亞,15.0,14.81,15.06,13.03,1311034,19665510,1610571,53.86,4.9
4711,永純,17.1,16.77,16.35,15.95,689549,11791288,382615,61.58,4.27
4714,永捷,13.65,13.63,14.13,14.75,1907799,26041455,2193922,43.96,4.6
4716,大立,14.65,14.93,14.91,14.77,534589,7831728,424315,46.01,1.38
4721,美琪瑪,90.4,90.02,90.29,80.18,1131437,102281906,1149346,54.38,8.0
4726,永昕,27.25,27.96,28.61,30.31,217761,5933987,291738,32.87,-3.54
4728,雙美,380.0,382.4,383.3,388.64,4609,1751420,8532,37.64,-1.17
4729,熒茂,24.0,24.56,21.79,20.86,1280060,30721440,2472852,61.64,1.69
4735,豪展,30.9,31.01,30.56,30.71,32622,1008019,35085,54.09,0.49
4741,泓瀚,62.6,62.28,59.82,45.01,908364,56863585,1465465,59.2,17.01
4743,合一,50.8,52.08,51.99,52.91,2383472,121080375,3977015,45.73,3.67
4744,皇將,34.15,34.03,33.28,33.56,197234,6735541,233876,56.15,1.34
4745,合富-KY,16.1,16.43,18.58,19.04,113564,1828380,131512,24.24,-3.3
4747,強生,56.5,56.52,55.93,55.14,76763,4337109,34153,53.24,-1.4
4749,新應材,1115.0,1134.0,1068.85,965.07,2521881,2811897315,2616265,57.39,12.17
4754,國碳科,38.1,38.11,37.77,37.71,22443,855078,42957,54.88,0.26
4760,勤凱,387.0,361.7,299.0,240.57,1854938,717861006,1820084,73.54,37.23
4767,誠泰科技,26.7,26.69,26.61,26.05,16000,427200,10000,52.83,0.56
4768,晶呈科技,504.0,472.7,476.02,473.95,3293892,1660121568,2315355,58.09,24.29
4772,台特化,302.5,302.9,306.12,307.27,3025928,915343220,1804074,47.98,4.49
4804,大略-KY,3.27,3.27,3.27,4.25,0,0,0,22.48,0.0
4806,桂田文創,9.96,10.06,10.28,10.82,28483,283690,21521,41.54,-0.4
4903,聯光通,44.9,46.31,45.83,45.71,3897860,175013919,3298149,46.17,1.24
4905,台聯電,79.0,79.68,79.38,78.54,35022,2766738,40213,47.84,3.0
4907,富宇,35.75,37.4,38.08,39.55,180503,6452982,119168,27.24,-6.9
4908,前鼎,259.5,269.9,242.68,163.51,4658995,1209009202,4339676,61.32,5.06
4909,新復興,53.7,54.22,53.77,58.32,1007141,54083472,1566468,47.09,6.13
4911,德英,31.9,31.79,32.96,35.05,21399,682628,41512,37.64,0.16
4923,力士,49.65,42.95,38.19,35.57,939263,46634409,2080931,80.82,32.22
4924,欣厚-KY,11.5,12.11,11.02,10.61,225479,2593008,218895,54.08,2.68
4931,新盛力,207.0,210.1,185.4,155.73,11678298,2417407686,12761761,62.86,9.23
4933,友輝,74.7,74.04,71.49,63.69,1045135,78071581,1193590,67.14,3.03
4939,亞電,43.15,40.8,40.77,35.96,26724969,1153182453,7791442,62.67,14.91
4946,辣椒,101.0,105.1,106.95,119.42,88116,8899716,57234,35.66,-4.72
4950,金耘國際,16.3,16.86,17.17,16.23,48767,794902,30343,45.01,-0.91
4951,精拓科,124.5,132.7,126.98,90.16,2281671,284068039,2515050,55.94,1.22
4953,緯軟,119.5,121.4,119.85,117.19,333535,39857432,416217,49.87,2.14
4966,譜瑞-KY,870.0,815.8,718.85,588.95,3638342,3165357540,2168426,73.49,14.93
4971,IET-KY,744.0,741.0,747.05,638.1,288737,214820328,255060,52.34,6.29
4972,湯石照明,16.45,16.42,16.44,17.11,52068,856518,64713,37.4,0.0
4973,廣穎,139.0,121.3,107.89,83.05,2775560,385802840,6375629,76.15,27.52
4974,亞泰,75.8,75.92,74.13,72.38,444000,33655201,348058,61.18,2.85
4979,華星光,628.0,637.2,624.6,510.8,16205957,10177340996,4191450,54.02,11.74
4987,科誠,81.6,81.6,81.53,81.27,0,0,4024,63.55,0.12
4991,環宇-KY,783.0,809.4,717.95,550.67,5498906,4305643398,3705178,58.38,11.86
4995,晶達,44.9,47.5,45.09,42.61,149152,6696925,165248,50.54,-0.66
5009,榮剛,35.15,35.77,35.86,33.93,3752216,131890398,3726270,49.93,-0.71
5011,久陽,18.7,17.54,15.65,14.62,3031775,56694194,1954230,72.19,24.25
5013,強新,28.45,27.78,27.96,29.13,4391,124923,12436,51.48,7.16
5014,建錩,10.95,10.78,10.15,10.32,418652,4584239,618613,64.59,7.35
5015,華祺,24.0,23.39,22.89,24.81,77845,1868280,91599,56.15,9.09
5016,松和,26.1,26.06,25.59,26.64,159683,4167726,291636,49.68,5.24
5201,凱衛,28.3,28.76,29.72,35.33,66302,1876346,137670,20.01,-3.9
5202,力新,11.35,11.75,12.45,13.31,297549,3377181,231796,27.78,-2.58
5205,中茂,23.85,23.55,22.55,26.05,1000,23850,6266,51.64,7.43
5206,坤悅,21.75,22.29,23.23,26.13,70089,1524435,120239,25.14,-4.81
5209,新鼎,169.0,168.0,165.5,166.38,52853,8932157,65571,64.25,2.74
5210,寶碩,27.25,26.85,26.35,23.49,564407,15380090,359896,61.57,0.18
5211,蒙恬,17.75,17.84,19.43,21.36,69438,1232524,184822,32.23,-0.56
5212,凌網,46.0,46.25,46.94,50.11,32450,1492700,16697,35.37,-0.65
5213,亞昕,26.35,26.47,26.03,26.45,987423,26018596,989212,52.56,0.96
5220,萬達光電,23.3,23.29,21.64,20.34,138114,3218056,212032,63.64,6.64
5223,安力-KY,25.5,25.14,24.81,26.56,60100,1532550,109022,53.6,6.47
5227,立凱-KY,24.65,25.38,22.93,23.35,236983,5841630,303178,58.76,-3.71
5228,鈺鎧,57.5,54.28,44.64,32.5,378432,21759840,432845,77.29,14.77
5230,雷笛克光學,16.5,16.97,16.95,16.88,162184,2676036,174240,41.65,-4.35
5236,凌陽創新,186.0,183.2,169.5,147.88,454283,84496638,606898,68.62,8.14
5245,智晶,25.8,26.35,25.44,25.3,153556,3961744,212314,51.92,-2.09
5251,天鉞電,26.8,26.99,27.79,29.5,133208,3569974,132771,39.53,-0.56
5263,智崴,107.0,110.0,104.22,98.53,320669,34311583,311252,56.83,-3.17
5272,笙科,22.8,23.0,23.38,23.06,251724,5739307,299370,46.25,2.01
5274,信驊,18230.0,17483.0,17280.75,13801.75,321248,5856351040,266651,62.21,17.16
5276,達輝-KY,19.9,19.56,19.85,17.26,51251,1019894,45522,54.49,6.7
5278,尚凡*,22.45,23.66,23.61,24.42,456988,10259380,600271,38.31,-5.87
5287,數字,149.5,150.8,151.3,159.86,103433,15463233,108861,34.7,-0.66
5289,宜鼎,1700.0,1702.0,1632.5,1232.37,4145924,7048070800,3472657,60.68,1.49
5291,邑昇,73.6,76.08,70.16,66.46,1017609,74896020,2811201,54.54,2.65
5299,杰力,119.0,114.9,100.7,86.15,5438421,647172099,2595382,70.82,13.88
5301,寶得利,6.71,6.78,7.53,8.87,51915,348349,27618,26.02,-1.61
5302,太欣,9.96,10.08,10.69,11.13,605499,6030770,635598,38.62,0.81
5309,系統電,68.5,68.64,65.28,61.53,14971893,1025574670,12522497,60.7,1.18
5310,天剛,23.75,23.84,24.01,25.52,19010,451487,19040,44.82,-3.26
5312,寶島科,93.7,93.74,95.59,97.25,35152,3293742,58685,37.02,-0.85
5314,世紀*,62.3,65.36,69.26,74.81,3021973,188268915,5338593,35.19,-7.84
5315,光聯,21.9,22.05,22.08,22.64,363506,7960781,422874,42.09,1.15
5321,美而快,51.7,43.15,28.72,25.87,198931,10284732,1013869,94.53,60.56
5324,士開,11.95,11.93,11.26,11.24,387559,4631329,351955,68.12,0.0
5328,華容,35.55,35.26,29.52,27.03,31410778,1116653133,34765983,72.42,15.05
5340,建榮,103.0,105.3,109.36,110.95,2912788,300017164,3567525,43.44,3.31
5344,立衛,15.7,15.99,16.21,15.1,54129,849825,104656,47.84,0.64
5345,馥鴻,18.6,19.18,20.94,22.37,5623,104587,30288,19.04,-11.43
5347,世界,166.0,165.0,164.05,137.0,32348400,5369834400,31860833,56.65,4.4
5348,正能量智能,15.2,16.56,15.79,16.67,4311,65527,3863,41.99,-1.94
5351,鈺創,82.6,80.52,79.34,71.11,27148516,2242467380,24953761,57.1,11.02
5353,台林,27.0,26.52,26.31,25.33,131530,3551310,120834,64.6,4.65
5355,佳總,6.49,6.45,6.66,6.83,172010,1116344,111020,45.48,1.41
5356,協益,27.0,26.9,26.73,25.79,51734,1396818,118906,60.11,2.27
5364,力麗店,8.65,8.86,9.44,10.91,435352,3765794,218700,17.71,-5.46
5371,中光電,71.5,72.26,70.84,75.19,4342705,310503407,4565709,47.87,1.42
5381,合正,26.2,26.05,24.97,26.67,1310568,34336882,1225188,55.68,5.86
5386,青雲,587.0,529.4,457.32,367.03,3180259,1866812033,2936168,71.68,36.67
5392,能率,41.35,42.77,42.0,39.69,3663161,151471701,4150149,50.21,0.0
5398,慕康生醫,17.05,17.52,19.3,20.72,76286,1300676,139566,18.45,-11.66
5403,中菲,84.5,85.4,89.63,98.08,187536,15846792,152825,23.49,-1.74
5410,國眾,38.35,38.45,36.57,32.84,767155,29420393,757284,69.39,1.32
5425,台半,104.5,94.82,78.7,65.28,68765555,7186000497,44862237,78.79,20.25
5426,振發,18.4,18.79,18.18,19.02,594226,10933758,594674,48.9,1.94
5432,新門,137.0,141.5,142.7,140.75,98048,13432576,99954,43.45,-3.86
5438,東友,19.3,19.08,19.08,19.59,627668,12113991,241865,52.43,4.32
5439,高技,385.5,385.1,388.18,340.12,2996691,1155224380,2656452,52.29,5.76
5443,均豪,126.5,125.4,126.3,111.99,5336584,675077876,7454972,54.11,8.58
5450,南良,12.5,12.79,12.82,13.84,61391,767387,67186,35.62,0.0
5452,佶優,32.85,33.72,32.88,33.42,1531285,50302709,2779174,48.99,3.46
5455,昇益,22.55,23.24,24.59,24.71,3045,68664,33435,32.07,-6.82
5457,宣德,29.45,29.69,33.26,34.95,1516798,44669702,1275476,34.89,6.13
5460,同協,15.05,15.34,15.11,14.9,65425,984646,75763,47.96,-1.31
5464,霖宏,71.1,71.76,56.46,37.98,422761,30058306,590997,80.24,5.33
5465,富驊,26.8,25.43,24.99,25.92,333362,8934101,200697,64.68,11.2
5468,凱鈺,17.3,17.68,17.79,17.74,116600,2017179,68842,42.66,1.76
5474,聰泰,165.0,169.0,165.4,147.68,393918,64996470,607143,55.17,-0.3
5475,德宏,286.5,292.6,320.9,277.05,5195153,1488411334,3986286,44.32,3.06
5478,智冠,97.0,98.36,97.59,101.41,163814,15889958,139030,41.98,-2.51
5481,新華,19.15,19.53,20.21,21.35,113269,2169101,130105,27.57,-3.28
5483,中美晶,162.0,154.1,146.65,127.74,31643881,5126308722,21990917,63.94,20.0
5487,通泰,27.3,27.31,27.99,28.06,83530,2280368,110126,43.69,-1.62
5488,松普,11.85,11.79,10.66,10.24,889215,10537198,1438059,70.45,1.28
5489,彩富,39.15,39.7,40.15,40.18,70837,2773268,54367,34.47,-0.89
5490,同亨,28.75,29.22,28.32,27.36,437701,12583903,808456,56.22,1.23
5493,三聯,90.2,91.94,90.68,85.42,356829,32185974,272206,51.72,-0.44
5498,凱崴,68.8,67.4,70.63,65.47,7753005,533406767,7498216,50.09,12.23
5508,永信建,46.8,47.58,48.57,50.78,662627,31010943,516178,34.61,-3.41
5511,德昌,72.0,71.58,71.31,71.53,208663,15023736,255853,54.48,-0.14
5512,力麒,6.96,6.93,6.97,7.6,1589300,11061528,1588436,38.98,1.46
5514,三豐,14.7,15.07,15.36,15.75,151010,2219846,69948,26.08,-3.61
5516,雙喜,10.25,10.49,10.93,12.23,24063,246645,66665,32.49,-6.82
5520,力泰,82.2,82.2,81.34,83.87,26202,2153804,8440,53.2,0.24
5523,豐謙,30.45,30.39,30.33,30.19,205171,6247457,101447,61.32,0.66
5529,鉅陞,22.8,24.02,22.68,24.38,90687,2067663,216742,46.04,-10.76
5530,龍巖,46.4,46.98,46.44,46.98,1025247,47571462,902658,48.95,-0.64
5536,聖暉*,1110.0,990.0,927.95,809.62,3792205,4209347550,2033700,71.86,21.18
5543,桓鼎-KY,30.4,30.09,29.6,27.95,17000,516799,27769,62.81,5.01
5547,久舜,21.55,21.55,21.55,22.04,29064,626329,38157,47.28,0.23
5548,安倉,23.3,23.44,23.51,23.89,27116,631802,41858,40.24,-1.27
5601,台聯櫃,33.1,34.48,35.18,36.07,55177,1826358,18492,17.53,-5.7
5603,陸海,15.15,15.44,15.86,16.76,143787,2178372,230728,20.5,-4.11
5604,中連,31.4,31.35,31.68,33.67,24960,783743,27654,35.61,-0.79
5609,中菲行,80.2,80.44,79.44,79.19,205812,16506121,191252,56.11,0.25
5701,劍湖山,3.31,3.36,3.39,3.54,67786,224371,51236,41.34,-2.65
5703,亞都,13.5,13.69,13.88,14.08,1000,13500,8045,34.74,-3.57
5704,老爺知,21.15,21.25,21.43,21.73,20100,425114,33498,40.0,-0.47
5864,致和證,38.6,34.59,32.32,27.28,13023744,502716498,7677950,76.22,23.13
5878,台名,40.7,40.8,40.72,41.13,14240,579568,11848,46.29,0.49
5902,德記,36.8,37.3,37.74,38.43,297213,10937438,106053,31.41,-2.13
5903,全家,187.5,187.7,188.92,190.28,50576,9483000,47798,31.29,-0.53
5904,寶雅,557.0,559.2,564.55,528.07,450570,250967490,393937,52.84,0.0
5905,南仁湖,7.83,7.99,8.13,8.15,871706,6825457,569690,42.54,-2.37
6015,宏遠證,17.95,16.27,15.43,14.14,15451918,277361939,6041863,74.83,23.79
6016,康和證,26.7,23.97,22.2,18.91,25599070,683495188,11125745,81.9,22.48
6020,大展證,23.5,22.13,21.1,19.89,308289,7244791,90059,72.03,11.37
6021,美好證,34.9,32.72,33.02,31.62,630249,21995691,284698,66.0,12.22
6023,元大期,98.8,98.3,99.08,97.43,198312,19593226,156765,51.66,1.33
6026,福邦證,16.45,15.69,15.73,14.96,8371857,137717054,3122882,65.96,9.3
6101,寬魚國際,40.6,40.08,39.37,38.74,185043,7512745,629439,58.73,4.91
6103,合邦,37.2,37.27,38.65,40.74,1000,37200,660,38.75,-1.85
6104,創惟,99.0,101.6,99.48,95.78,2290461,226755639,2272863,51.0,2.38
6109,亞元,10.65,10.78,11.5,11.84,313801,3341980,299099,34.51,0.0
6111,光聚晶電,45.4,46.33,46.88,45.15,359270,16310858,410482,44.08,-2.37
6113,亞矽,26.9,26.73,24.57,22.36,557144,14987173,1004318,66.4,8.91
6114,久威,29.8,30.41,30.58,30.34,132089,3936252,83666,44.31,0.0
6118,建達,17.95,18.44,17.77,17.78,549596,9865248,1108961,50.89,2.87
6121,新普,396.5,387.5,375.75,355.82,966748,383315582,678314,66.77,5.45
6122,擎邦,46.85,47.37,48.16,49.91,430406,20164520,253495,33.97,-1.26
6123,上奇,43.05,44.11,44.43,43.38,114192,4915965,80716,40.29,-2.49
6124,業強,29.75,29.6,29.9,31.44,75147,2235623,90051,47.63,3.3
6125,廣運,65.8,63.12,59.3,57.97,5795902,381370369,5373130,64.76,20.29
6126,信音,35.1,35.89,33.68,32.51,2287446,80289351,2899770,58.3,3.08
6127,九豪,56.9,54.32,49.16,44.41,39101622,2224882351,35807254,68.08,9.21
6129,普誠,15.25,15.62,16.07,15.83,688738,10503254,704050,42.47,2.01
6130,上亞科技,22.05,22.28,23.09,27.11,117126,2582628,200461,35.23,-0.45
6134,萬旭,33.3,32.16,31.6,31.13,1095377,36476053,704739,60.74,10.45
6138,茂達,355.5,339.1,288.9,247.01,3001102,1066891761,3220953,71.18,15.24
6140,訊達,19.55,19.84,20.11,20.0,96806,1892557,118115,47.24,1.03
6143,振曜,100.0,98.62,95.01,96.42,1365623,136562300,969624,60.1,5.04
6144,得利影,14.55,14.77,14.85,15.98,12619,183606,28924,39.96,-2.68
6146,耕興,223.0,220.8,219.52,208.42,1050652,234295396,572038,56.95,3.0
6147,頎邦,265.0,240.1,202.22,124.93,81840976,21687858640,63889399,82.5,22.97
6148,驊宏資,28.5,28.82,29.85,32.56,214336,6108576,187105,35.92,1.24
6150,撼訊,66.8,68.72,66.24,59.9,1261726,84283300,879381,53.52,1.21
6151,晉倫,44.7,47.26,41.12,35.26,1720668,76913860,2565695,59.77,5.55
6154,順發,13.35,13.45,13.15,13.34,24260,323871,79094,53.65,1.14
6156,松上,18.6,18.99,19.43,19.8,668206,12428631,782368,40.67,1.09
6158,禾昌,18.0,18.05,18.35,18.64,131576,2368368,88726,38.55,0.28
6160,欣技,16.15,16.25,16.12,16.1,174380,2816236,133037,49.81,0.62
6161,捷波,60.1,57.8,48.4,43.77,3311945,199047889,2698105,72.02,17.84
6163,華電網,50.2,51.88,55.54,58.14,3930737,197323000,3546427,38.11,0.8
6167,久正,11.9,12.05,11.93,12.96,740205,8808439,1171292,46.31,5.31
6169,昱泉,13.7,14.26,15.47,16.36,53872,738046,31432,26.35,-5.19
6170,統振,50.3,50.34,50.99,50.78,220067,11069369,237397,42.25,0.2
6171,大城地產,23.35,23.63,24.19,25.93,16257,379600,42351,28.05,-3.11
6173,信昌電,226.0,205.8,148.39,95.19,1561527,352905102,1355835,85.61,41.69
6174,安碁,46.65,46.12,40.45,29.44,3990114,186138824,7204946,68.67,7.36
6175,立敦,97.4,91.56,74.57,59.3,10808186,1052717332,14819920,85.71,19.51
6179,亞通,23.8,24.93,24.33,25.08,1979575,47113883,2149799,44.33,-3.25
6180,橘子,39.95,39.75,39.21,42.43,874600,34940270,751636,49.34,1.78
6182,合晶,90.2,76.98,58.54,43.12,209855088,18928928297,60901012,89.1,55.79
6185,幃翔,13.8,14.02,13.96,14.05,255239,3522298,234112,42.17,-1.78
6186,新潤,39.35,39.76,39.72,40.6,989877,38951658,973927,44.57,-1.63
6187,萬潤,1130.0,1145.0,1164.0,979.0,3059786,3457558180,2342641,50.56,4.15
6188,廣明,83.9,85.12,84.57,88.6,2628659,220544494,2912507,46.6,3.97
6190,萬泰科,80.4,79.44,77.15,63.73,9356994,752302331,8171772,65.68,3.61
6194,育富,34.5,34.24,32.83,32.56,116871,4032049,356015,65.9,6.81
6195,詩肯,26.1,26.17,25.26,24.92,47608,1242568,52811,56.04,-0.19
6198,瑞築,21.3,21.62,21.82,21.98,39129,833447,19282,42.39,-4.48
6199,天品,94.4,97.38,97.3,101.1,447069,42203314,751451,42.39,-4.93
6203,元大MSCI台灣,70.8,71.68,70.37,67.17,260007,18408496,384152,53.67,2.61
6204,永豐臺灣加權,90.1,87.88,79.93,68.82,868491,78251037,760925,67.74,7.9
6207,復華滬深,103.5,97.88,77.39,61.96,22228798,2300680593,20783234,76.73,28.25
6208,富邦台50,93.0,98.36,89.82,67.68,1637543,152291499,2187663,55.19,-0.85
6210,慶生,21.2,21.23,20.9,20.39,17754,376384,34418,56.06,0.71
6212,理銘,27.6,27.58,28.25,29.28,2433,67150,6686,41.33,1.1
6217,中探針,276.0,271.6,283.18,218.57,1108401,305918676,2042571,52.15,15.48
6218,豪勉,43.2,40.47,40.02,32.34,4903378,211825933,2029548,62.04,12.06
6219,富旺,11.95,12.01,12.44,13.82,370932,4432637,497184,35.95,-3.63
6220,岳豐,34.9,31.79,30.5,33.44,1179754,41173416,666375,72.05,12.4
6221,晉泰,22.9,23.09,24.13,26.06,238793,5468359,176525,31.39,-0.43
6222,立軒,20.7,20.86,21.71,20.8,20000,414000,29816,43.66,0.0
6223,旺矽,6390.0,6103.0,5573.5,4481.58,865085,5527893150,956697,69.86,12.5
6227,茂綸,125.0,125.2,109.94,95.35,1542461,192807625,2027890,67.57,9.65
6228,全譜,20.95,21.5,22.37,23.62,10500,219975,19727,37.06,-3.01
6229,研通,26.5,27.26,27.5,24.24,544018,14416477,369451,49.52,0.57
6231,系微,297.0,295.0,301.6,270.43,854728,253854216,721481,51.62,6.83
6233,旺玖,25.4,26.14,26.51,26.7,560930,14247621,475891,44.09,0.59
6234,高僑,54.2,51.12,53.56,38.25,11240913,609257493,5624764,58.79,23.6
6236,中湛,20.0,19.81,19.24,20.3,0,0,200,65.75,4.99
6237,驊訊,51.1,53.5,45.79,40.3,1866142,95359853,4163027,64.53,5.25
6240,松崗,18.15,17.78,18.2,18.44,38053,690661,283010,49.23,1.68
6241,易通展,10.1,10.5,10.07,10.85,283073,2859037,178814,46.0,-5.61
6242,立康,38.05,37.91,37.87,37.8,24573,935002,16993,53.52,1.47
6244,茂迪,29.35,29.49,28.71,29.22,6781115,199025727,8708686,53.38,3.71
6245,立端,90.6,88.88,83.38,75.08,2655258,240566370,2627395,72.7,9.69
6246,臺龍,15.75,15.84,16.08,15.85,52009,819141,85330,48.73,9.38
6248,沛波,18.4,18.58,18.93,19.75,145445,2676187,135002,36.68,0.82
6259,百徽,27.05,25.97,23.53,20.36,739795,20011454,838331,64.11,16.59
6261,久元,118.0,119.8,115.62,89.45,4138121,488298278,5349047,58.8,3.06
6263,普萊德,184.0,182.4,165.15,140.55,254336,46797824,240317,70.25,8.55
6264,富裔,6.08,6.07,6.09,6.33,84000,510719,135832,45.08,-2.41
6265,方土昶,55.0,50.53,45.37,41.3,22464615,1235553825,16207837,69.99,32.21
6266,泰詠,27.15,27.27,27.29,28.03,373384,10137375,267052,45.5,0.56
6270,倍微,26.9,27.13,26.81,25.72,508531,13679483,499046,51.86,2.87
6274,台燿,1630.0,1518.0,1341.75,901.98,8217658,13394782540,4226168,73.5,35.27
6275,元山,47.8,47.99,49.64,49.87,542167,25915582,536479,42.33,2.36
6276,安鈦克,27.5,28.13,29.52,31.55,66734,1835185,96278,34.62,-3.0
6279,胡連,116.5,118.4,116.0,112.08,641026,74679529,936532,53.46,-0.85
6284,佳邦,113.0,107.78,88.29,83.85,7550836,853244468,9016988,77.89,28.41
6290,良維,328.5,302.6,283.15,246.72,10837796,3560215986,8402031,70.68,25.38
6291,沛亨,645.0,559.8,490.28,405.42,1943532,1253578140,2284525,72.49,39.31
6292,迅德,62.5,57.0,52.53,47.59,1333779,83361187,604427,74.49,15.74
6294,智基,27.95,28.03,29.94,36.79,15332,428529,38699,23.1,3.14
6411,晶焱,101.0,97.4,85.63,80.65,4610625,465673125,4599135,77.37,17.44
6417,韋僑,144.5,139.7,130.5,115.98,190680,27553260,322190,66.21,15.6
6418,詠昇,29.75,30.54,31.54,31.08,144806,4307978,194620,43.55,-1.16
6419,京晨科,146.0,151.3,153.7,117.03,862606,125940476,1259030,50.16,1.74
6423,億而得,98.1,100.2,107.58,97.56,172608,16932844,139937,44.0,1.98
6425,易發,102.5,95.44,87.85,77.08,10855048,1112642420,6288809,70.97,16.74
6432,今展科,65.2,58.84,49.17,40.65,3366963,219525977,4862229,80.37,23.72
6435,大中,290.0,256.9,230.08,185.81,2636515,764589350,1506144,76.25,25.81
6441,廣錠,25.45,24.94,26.41,22.77,854324,21742546,467014,52.11,6.04
6461,益得,15.7,15.97,16.64,18.43,234773,3685936,160087,30.41,-3.09
6462,神盾,133.0,143.9,132.88,116.58,7313872,972744976,6355013,51.6,-1.12
6465,威潤,50.9,51.64,47.82,44.37,520403,26488513,534347,56.89,4.73
6469,大樹,69.6,70.68,73.42,79.05,761795,53020930,482419,33.26,-1.97
6470,宇智,47.5,47.86,47.49,48.82,136786,6497335,130446,48.91,0.21
6474,華豫寧,38.15,38.25,38.65,36.9,52009,1984143,61203,51.36,0.53
6482,弘煜科,28.3,29.2,29.28,31.01,23914,676766,20886,38.43,-2.58
6485,點序,108.0,109.5,95.77,86.88,3339471,360662868,4947912,61.14,-3.57
6486,互動,80.8,81.54,82.81,85.06,214526,17333701,151682,35.28,-0.49
6488,環球晶,930.0,800.4,728.75,561.79,22982152,21373401360,8180294,71.5,45.77
6492,生華科,44.3,45.34,48.16,50.73,278668,12344992,214445,31.55,-3.28
6494,九齊,58.8,57.58,55.11,50.69,419103,24643256,400642,61.29,8.89
6496,科懋,23.2,23.98,24.3,25.76,21824,506316,27194,32.55,-3.93
6498,久禾光,103.5,105.7,100.62,93.29,210471,21783748,337558,55.74,-1.43
6499,益安,87.6,90.98,86.1,89.27,483864,42386485,924891,50.02,-7.3
6506,雙邦,19.1,19.18,18.55,17.26,163265,3118361,188531,61.49,0.53
6508,惠光,23.4,23.72,24.32,26.13,104690,2449745,69431,35.44,0.43
6509,聚和,51.2,50.81,45.7,44.15,3113223,159397019,5214670,68.74,7.45
6510,精測,3195.0,3364.0,3615.75,3572.5,1484444,4742798580,723919,39.78,-5.61
6512,啟發電,19.3,19.33,19.18,19.56,17636,340374,14367,49.61,1.31
6516,勤崴國際,55.4,56.04,57.83,60.37,95744,5304217,117750,28.96,-2.98
6517,保勝光學,59.1,61.16,59.31,58.46,280168,16557928,395130,48.21,-2.31
6523,達爾膚,98.6,99.16,99.21,108.61,29280,2887007,23611,33.89,-0.2
6527,明達醫,70.4,70.08,69.7,71.24,35445,2495328,31360,51.64,0.57
6530,創威,113.0,112.2,112.32,99.97,2033748,229813524,1677454,53.03,11.88
6532,瑞耘,97.0,100.1,102.59,84.52,1707162,165594714,1341163,48.86,0.21
6535,順藥,124.0,126.5,132.4,140.04,276284,34259216,188520,38.54,-3.12
6538,倉和,123.0,125.4,94.42,77.83,672554,82724142,1460220,75.99,15.49
6542,隆中,46.1,46.89,47.62,50.75,5688,262216,7777,38.56,-0.11
6546,正基,80.7,78.96,70.18,72.06,1817649,146684268,1663299,66.71,12.87
6547,高端疫苗,45.4,46.95,48.24,47.91,1670944,75860860,2064481,36.7,-6.58
6548,長科*,61.1,55.92,52.42,50.31,28461838,1739018258,13714994,70.85,25.72
6556,勝品,69.6,70.22,69.98,68.25,11243,782512,10059,50.2,-0.29
6560,欣普羅,39.1,38.65,38.38,39.6,81140,3172573,92536,54.59,4.55
6561,是方,351.5,356.2,345.48,354.84,140923,49534434,139363,50.4,-0.99
6568,宏觀,227.0,227.5,229.2,217.14,1110744,252138888,851162,50.35,7.84
6569,醫揚,98.1,96.08,99.28,97.56,109579,10749699,181228,49.54,2.94
6570,維田,59.2,57.57,46.39,41.33,4220931,249879118,1364495,71.34,31.85
6574,霈方,117.0,116.5,113.7,105.07,60110,7032870,95687,55.11,-0.43
6576,逸達,78.1,79.46,79.88,79.22,151224,11810594,203384,41.75,-4.17
6577,勁豐,79.9,80.32,79.79,77.84,45456,3631934,59223,53.23,1.78
6578,達邦蛋白,16.65,17.11,16.01,17.13,92101,1533481,105040,51.14,-2.35
6584,南俊國際,688.0,685.2,679.1,594.95,735626,506110688,595772,54.32,9.55
6588,東典光電,128.0,129.8,137.72,123.21,994779,127331712,1064834,45.9,4.07
6590,普鴻,65.1,66.36,68.22,70.3,25964,1690256,28194,21.25,-2.84
6593,台灣銘板,35.0,35.19,35.34,37.17,73084,2557940,79726,36.09,-0.14
6596,寬宏藝術,96.6,97.58,98.78,114.74,219944,21246590,175041,35.22,-1.13
6597,立誠,72.8,72.86,72.51,64.63,9629,700991,25335,54.97,-1.36
6603,富強鑫,22.35,22.46,23.36,23.24,1594306,35632739,1096397,42.83,3.71
6609,瀧澤科,46.4,46.43,42.8,39.02,1311288,60843765,2349384,62.16,12.48
6612,奈米醫材,72.5,73.76,69.49,69.45,63612,4611870,94212,56.2,-2.16
6613,朋億*,280.0,269.0,248.32,223.59,406813,113907640,435327,74.68,13.13
6615,慧智,32.85,32.84,32.8,33.77,31587,1037632,23535,47.63,1.08
6616,特昇-KY,9.5,9.73,9.83,10.01,36720,348840,51834,38.98,-2.66
6617,共信-KY,73.8,67.06,66.4,69.25,631703,46619683,282183,61.71,12.16
6620,漢達,72.9,73.72,72.72,73.67,421927,30758478,453743,48.29,-4.08
6624,萬年清,40.7,42.81,47.16,54.37,13759,559991,109088,19.27,-15.21
6629,泰金-KY,119.0,119.7,121.12,114.12,151536,18032784,140907,47.85,-2.86
6637,醫影,67.1,66.34,68.57,71.47,19911,1336028,34599,38.75,1.51
6640,均華,1425.0,1418.0,1410.0,1311.98,327289,466386825,375493,51.82,14.0
6642,富致,83.6,87.1,71.65,61.09,1095036,91545007,1979108,69.97,-0.12
6643,M31,598.0,601.8,614.45,529.38,1085766,649288068,842567,51.8,6.22
6649,台生材,38.4,38.73,39.32,40.83,55669,2137689,51334,38.54,-3.03
6651,全宇昕,151.0,143.7,124.0,103.72,909485,137332235,973848,71.65,22.76
6654,天正國際,127.5,108.42,96.7,92.55,500440,63806100,204009,86.83,31.44
6661,威健生技,17.15,17.55,17.68,18.31,6001,102917,5000,34.62,-1.72
6662,樂斯科,29.25,28.98,29.54,29.55,19114,559084,8842,48.02,0.86
6664,群翊,454.5,440.7,444.7,370.64,1483665,674325742,1500325,57.7,15.8
6667,信紘科,264.5,260.0,259.05,257.99,864736,228722672,562696,55.66,5.17
6679,鈺太,330.0,337.8,315.25,273.18,711787,234889710,802538,61.31,5.1
6680,鑫創電子,57.9,56.38,54.48,56.64,1086,62879,3417,63.35,8.22
6683,雍智科技,1780.0,1746.0,2015.75,1601.23,1514523,2695850940,2066685,47.46,0.0
6684,安格,45.85,47.07,47.05,45.84,254406,11664514,352686,47.15,0.88
6690,安碁資訊,169.5,170.0,168.48,167.99,62439,10583410,76666,52.84,1.8
6692,進能服,27.55,28.14,29.94,30.87,29287,806856,45324,22.92,-4.67
6693,廣閎科,151.0,148.9,147.02,125.98,2041539,308272389,1059435,56.48,10.22
6697,東捷資訊,41.35,41.46,41.27,42.57,61580,2546332,57087,47.74,1.97
6703,軒郁,109.5,111.5,113.3,114.48,82769,9063205,93537,41.3,-3.95
6708,天擎,40.6,40.42,41.34,40.44,49442,2007345,47292,48.25,0.25
6712,長聖,131.0,132.8,130.81,132.91,213870,28016970,280591,48.02,-1.5
6716,應廣,107.0,104.06,94.4,82.83,1226578,131243846,1361227,68.21,9.07
6720,久昌,148.0,153.5,159.2,163.94,121373,17963204,103728,29.43,-6.03
6721,信實,58.8,59.26,58.17,59.03,7458,438530,9891,53.4,0.51
6725,矽科宏晟,340.5,326.6,322.75,298.18,1034315,352184257,628371,57.47,19.26
6727,亞泰金屬,629.0,617.2,508.48,380.64,2077691,1306867639,1627803,68.91,26.69
6728,上洋,108.0,109.8,112.8,119.29,31344,3385152,36888,24.83,-3.57
6730,常廣,36.0,36.89,37.69,37.29,27816,1001376,50383,37.82,-2.7
6732,昇佳電子,183.0,180.8,166.45,160.41,482402,88279566,445998,67.86,10.91
6733,博晟生醫,26.15,27.15,28.04,31.49,590724,15447432,346299,25.74,-5.77
6735,美達科技,110.5,111.5,122.35,86.94,1228652,135766046,1048552,49.43,2.79
6739,竹陞科技,1295.0,1308.0,1343.5,1305.58,317159,410720905,345439,46.24,4.44
6741,91APP*-KY,64.0,63.04,64.21,62.62,516865,33079360,428883,52.21,3.56
6751,智聯服務,47.65,47.58,48.92,51.23,8045,383344,28151,39.53,1.38
6752,叡揚,98.0,99.44,101.79,108.02,47950,4699100,41191,36.22,-2.0
6761,穩得,223.5,212.0,202.1,184.89,3306289,738955591,1980141,62.83,23.14
6762,達亞,172.0,183.2,164.88,165.08,12120,2084640,7661,52.29,-9.47
6763,綠界科技*,43.3,44.49,46.12,47.82,961137,41617231,575993,31.2,-1.93
6767,台微醫,26.3,26.6,27.11,27.93,9004,236805,18668,36.56,-2.41
6785,昱展新藥,124.5,126.5,133.02,160.57,88386,11004057,126884,29.25,0.0
6788,華景電,419.0,420.2,432.75,399.18,830173,347842487,670384,48.33,6.62
6791,虎門科技,113.0,112.6,117.45,111.13,102456,11577528,107720,46.21,0.0
6803,崑鼎,286.5,287.1,288.0,290.71,93364,26748786,75232,41.53,-0.52
6804,明係,16.2,16.02,15.45,16.23,18301,296476,66113,57.25,5.54
6811,宏碁資訊,210.0,213.8,208.1,197.25,229101,48111210,178479,55.8,2.19
6821,聯寶,71.9,63.8,54.43,51.5,10407396,748291788,4607809,74.22,38.27
6823,濾能,75.7,79.72,87.21,73.99,515502,39023499,293990,41.89,-4.42
6829,千附精密,211.0,211.6,224.32,169.12,291430,61491730,430721,51.55,14.67
6840,東研信超,62.9,62.98,64.77,64.39,114250,7186325,125362,43.9,-2.02
6841,長佳智能,56.8,58.34,59.58,59.83,447460,25415727,361507,36.64,-3.4
6843,進典,41.9,42.86,44.72,46.22,21091,883712,28247,33.54,-1.41
6844,諾貝兒,65.4,66.28,64.92,64.13,31379,2052186,26246,55.18,-0.91
6846,綠茵,67.2,68.64,69.3,70.44,33005,2217935,25227,31.6,-3.86
6855,數泓科,111.0,106.1,104.8,108.35,21725,2411475,20229,62.65,9.9
6856,鑫傳,51.0,52.64,50.93,51.99,6007,306357,3203,48.05,-0.39
6859,伯特光,121.5,120.7,120.2,119.98,129303,15710314,117491,53.65,3.4
6865,偉康科技,26.8,27.74,32.02,34.65,18426,493816,50288,20.39,-3.6
6870,騰雲,239.5,232.9,198.65,191.57,217878,52181781,237248,77.88,17.4
6872,浩宇生醫,17.9,18.16,18.22,17.95,55001,984517,35800,45.12,-1.38
6874,倍力,79.0,79.84,84.02,84.66,43877,3466283,46190,38.31,-0.88
6875,國邑*,36.85,37.73,37.18,38.27,162542,5989672,148511,46.32,-1.86
6877,鏵友益,172.5,162.8,164.25,139.63,1273715,219715837,650439,59.88,17.75
6881,潤德,266.5,270.3,270.1,249.32,5478,1459887,8507,54.14,-1.11
6884,海柏特,33.35,33.19,33.88,34.46,8061,268834,17818,42.99,0.76
6894,衛司特,370.0,366.7,348.0,342.38,152126,56286620,207946,59.63,8.98
6895,宏碩系統,150.5,152.5,159.98,165.41,112874,16987537,79782,35.32,-0.66
6899,創為精密,62.8,62.12,58.24,54.38,477340,29976951,359890,63.54,5.72
6903,巨漢,421.5,409.8,406.0,355.63,1311807,552926650,1345143,58.26,13.77
6904,伯鑫,117.0,115.3,115.7,119.96,2000,234000,4401,51.33,3.54
6907,雅特力-KY,117.0,119.4,121.58,120.74,1052910,123190470,1004643,47.0,6.85
6910,德鴻,27.55,28.04,28.14,29.6,39501,1088252,39700,42.46,2.42
6913,鴻呈,144.0,142.2,134.98,123.78,896071,129034224,1065702,58.87,11.2
6922,宸曜,187.0,188.2,183.9,168.55,190402,35605174,199158,56.51,2.19
6925,意藍,56.3,58.2,62.23,68.84,120229,6768892,83881,22.26,-3.92
6929,佑全,21.4,22.44,24.07,28.56,17084,365597,20869,19.3,-7.76
6953,家碩,250.5,259.4,266.62,239.12,225055,56376277,136822,46.89,1.21
6961,旅天下,58.4,58.4,58.88,58.18,32609,1904365,37466,47.65,-0.17
6967,汎瑋材料,72.3,73.06,75.61,71.33,76799,5552567,89987,46.63,1.54
6968,萬達寵物,42.95,43.93,43.46,45.42,186806,8023317,109077,40.99,-2.39
6971,惠民實業,27.3,27.54,27.96,29.12,28317,773054,45183,40.32,-0.55
6982,大井泵浦,55.2,55.66,53.41,53.92,111029,6128800,166736,54.93,7.18
6996,力領科技,191.5,192.5,185.85,176.74,185475,35518462,332899,56.16,-0.26
6997,博弘,67.9,68.96,72.4,79.21,5236,355524,8073,35.34,0.89
7402,邑錡,97.7,97.48,108.15,117.41,344651,33672401,453947,34.25,4.83
7547,碩網,62.6,66.52,69.75,68.45,150427,9416729,170725,38.35,-7.53
7556,意德士,290.0,283.2,279.0,231.04,159119,46144510,202856,58.44,16.47
7584,樂意,23.35,26.08,29.82,32.57,18422,430153,29705,20.7,-13.52
7642,昶瑞機電,66.6,68.56,68.76,71.87,15645,1041956,22137,42.01,-0.89
7703,銳澤,214.5,212.7,211.48,213.58,204199,43800685,246145,51.0,5.67
7704,明遠精密,62.1,65.26,63.73,55.27,364496,22635201,289112,49.54,0.98
7708,全家餐飲,92.0,91.94,91.95,92.2,4439,408388,15357,49.39,0.0
7709,榮田,91.8,91.62,83.55,71.11,277391,25464494,761366,62.68,3.15
7712,博盛半導體,169.5,170.8,147.35,125.17,3429577,581313301,2335995,62.33,1.19
7713,威力德生醫,67.2,67.28,67.8,68.81,33000,2217599,26200,43.88,-0.44
7714,創泓科技,118.5,121.9,126.75,131.1,128867,15270739,79579,32.0,-4.05
7715,裕山,27.85,29.05,28.66,29.23,99903,2782298,235459,42.74,-5.11
7716,昱臺國際,25.3,25.07,25.08,25.53,2005,50726,2803,51.59,3.27
7717,萊德光電-KY,649.0,689.0,678.4,721.75,413057,268073993,449574,43.14,-3.71
7718,友鋮,48.6,49.41,48.67,47.82,10399,505391,37894,50.32,-2.11
7723,築間,23.2,24.06,26.54,30.93,128073,2971293,145656,17.05,-6.83
7728,光焱科技,737.0,740.2,739.45,757.35,203551,150017087,112005,49.01,6.04
7734,印能科技,3840.0,3552.0,3661.0,2693.08,430762,1654126080,301788,60.14,14.8
7738,東聯互動,166.0,166.2,172.9,180.0,38761,6434326,52102,38.25,0.61
7743,金利食安,19.0,19.1,19.7,20.12,28225,536275,20029,35.77,-2.06
7744,崴寶,497.0,505.4,536.4,496.61,247011,122764467,207122,44.69,1.43
7747,昕奇雲端,128.0,127.1,129.35,123.82,1242,158976,6454,50.9,1.59
7751,竑騰,1700.0,1747.0,1943.0,1766.5,223805,380468500,145377,44.89,13.33
7753,星亞,44.45,42.94,42.47,41.44,101576,4515053,46922,63.71,7.89
7757,金色三麥,103.5,103.9,104.62,107.07,36470,3774645,19567,41.8,0.0
7767,仁大資訊,43.25,43.45,44.03,44.66,45003,1946379,27593,36.75,-0.46
7770,君曜,45.95,42.94,45.47,47.8,92651,4257313,32145,50.87,14.3
7777,能率亞洲,35.15,34.67,31.66,28.6,2935078,103167996,3476472,64.85,7.33
7782,光速火箭,25.5,26.03,26.78,27.38,47050,1199775,61148,32.38,-5.03
7792,安葆,269.0,270.1,304.45,325.31,170657,45906733,180556,30.15,2.09
7805,威聯通,776.0,765.2,724.9,687.05,108124,83904224,224949,66.23,10.86
7810,捷創科技,227.0,231.3,229.52,228.52,160533,36440991,142322,47.32,0.22
7811,民盛,78.9,78.32,80.64,92.12,8362,659761,21285,37.69,2.33
8024,佑華,12.7,12.71,12.47,12.74,82026,1041730,105144,53.81,4.53
8027,鈦昇,249.5,248.5,231.08,162.4,1284636,320516682,6328871,63.5,3.96
8032,光菱,45.95,44.68,42.39,37.87,369904,16997089,468488,70.16,11.53
8034,榮群,23.9,24.24,24.18,24.68,401222,9589205,392325,45.38,0.42
8038,長園科,40.7,41.17,42.17,42.13,461098,18766688,410203,42.4,0.99
8040,九暘,113.0,116.2,90.44,65.86,4975694,562253422,5670729,71.18,14.49
8042,金山電,150.5,136.1,100.61,71.5,1489323,224143111,1498122,85.55,29.18
8043,蜜望實,132.0,127.4,105.67,85.74,17508016,2311058112,21573615,68.96,15.28
8044,網家,28.3,28.23,25.0,24.21,1600022,45280621,2270543,63.89,-2.41
8047,星雲,43.3,44.29,50.52,52.64,26611,1152256,113203,35.29,3.84
8048,德勝,63.6,62.9,62.21,61.06,349522,22229598,433280,54.35,4.78
8049,晶采,26.65,26.81,25.9,25.6,438489,11685731,478876,61.76,2.5
8050,廣積,57.9,55.56,48.53,43.61,12273391,710629357,4575890,76.6,12.87
8054,安國,107.5,111.3,106.82,103.71,3006188,323165210,4660584,50.84,0.94
8059,凱碩,19.3,19.44,19.86,19.18,430953,8317392,534319,47.45,5.18
8064,東捷,143.0,138.1,121.55,85.49,12208554,1745823222,16212265,66.39,15.79
8066,來思達,15.6,16.48,16.8,18.2,79652,1242571,74395,31.02,-4.88
8067,志旭,13.55,13.85,13.21,13.87,7036,95337,29032,51.49,-0.37
8068,全達,19.8,20.29,22.01,22.13,451787,8945382,415458,32.78,-2.22
8069,元太,249.0,234.7,194.3,165.32,6932137,1726102113,5250515,78.2,8.26
8071,能率網通,19.5,20.2,18.36,17.06,990558,19315881,1746608,57.03,-0.76
8074,鉅橡,78.1,78.46,79.9,69.47,1909460,149128823,2695270,52.47,7.28
8076,伍豐,23.5,23.86,23.62,23.82,1394252,32764922,1195195,48.1,-0.63
8077,洛碁,44.0,45.05,42.63,42.59,1000,44000,6696,55.23,7.19
8080,泰霖,27.5,27.74,28.21,29.11,45463,1250232,45220,39.73,0.73
8083,瑞穎,168.0,168.6,172.52,171.26,45353,7619304,85682,36.65,-0.3
8084,巨虹,45.2,43.96,44.22,46.22,74500,3367400,123105,54.3,4.39
8085,福華,11.05,11.48,11.97,14.52,412788,4561307,408107,29.45,-3.91
8086,宏捷科,173.5,164.8,154.98,140.8,15127450,2624612575,10247929,65.65,20.07
8087,麗升能源,32.25,33.2,33.53,34.16,82228,2651853,79447,40.48,-5.98
8088,品安,61.0,58.44,54.7,53.0,16884068,1029928148,9810590,63.53,18.45
8089,康全電訊,19.85,20.19,20.45,22.24,225088,4467996,311420,40.34,-0.25
8091,翔名,269.0,265.0,223.6,179.07,431290,116017010,711180,73.26,6.11
8092,建暐,17.5,17.99,17.31,14.82,138368,2421440,197714,54.71,-2.23
8093,保銳,18.0,18.13,18.93,19.41,36311,653598,20619,39.1,-1.91
8096,擎亞,121.0,118.3,102.59,91.1,10653734,1289101814,19188451,72.35,12.56
8097,常珵,57.7,57.52,54.02,54.67,88753,5121048,73800,67.45,0.7
8099,大世科,59.5,59.62,61.19,62.67,161907,9633466,153473,38.39,-1.82
8102,傑霖科技,63.6,64.5,65.63,60.32,20091,1277787,15200,47.9,0.47
8107,大億金茂,11.2,11.48,11.91,12.81,137878,1544233,87414,23.8,-4.68
8109,博大,121.5,124.2,119.9,110.93,349800,42500700,609160,56.15,-3.95
8111,立碁,67.6,66.74,66.36,66.44,2415127,163262581,2401740,52.45,10.82
8121,越峰,41.0,40.58,34.48,28.42,2776603,113840723,4989318,67.68,16.48
8147,正淩,175.5,176.5,173.9,152.77,1543913,270956731,1082241,53.48,-3.84
8155,博智,400.5,413.2,419.55,326.02,1953660,782440830,1887527,51.6,2.17
8171,天宇,22.9,23.26,23.24,24.49,238604,5464031,183413,43.76,-1.72
8176,智捷,9.99,10.03,10.19,10.87,316678,3163613,207204,39.59,1.01
8182,加高,44.1,42.83,38.85,33.21,3848346,169712052,4976632,63.53,20.33
8183,精星,32.55,31.8,31.99,34.25,850682,27689698,593145,49.97,7.78
8227,巨有科技,224.5,226.3,201.7,154.91,3069010,688992745,1941840,62.45,16.62
8234,新漢,71.3,71.4,70.1,65.58,1162287,82871066,1550221,55.0,8.85
8240,華宏,68.2,66.7,66.65,58.91,3613874,246466195,2702117,55.69,11.07
8255,朋程,185.5,170.8,151.52,134.59,6723297,1247171593,4045759,79.95,18.91
8272,全景軟體,70.6,70.32,71.85,72.81,12356,872333,17304,45.14,-1.26
8277,商丞,7.12,7.06,7.09,7.7,368414,2623107,266239,48.56,4.25
8279,生展,96.2,97.1,97.29,105.04,21139,2033571,14857,36.2,-0.93
8284,三竹,63.1,63.34,63.61,63.43,17360,1095415,19092,45.26,-0.16
8289,泰藝,68.9,66.78,55.06,44.79,5337973,367786347,9013349,73.48,24.59
8291,尚茂,121.0,101.0,56.92,28.44,83056,10049776,179621,99.42,60.48
8299,群聯,2480.0,2446.0,2424.0,1966.5,10459794,25940289120,7450664,56.52,9.49
8342,益張,91.5,91.24,89.38,88.17,2000,183000,2621,56.65,0.33
8349,恒耀,40.8,41.12,42.64,42.5,253155,10328723,180316,35.99,-1.69
8354,冠好,16.85,16.63,16.28,15.88,108160,1822496,301707,55.1,2.74
8358,金居,560.0,531.6,458.1,339.23,4508995,2525037200,3632259,72.36,21.74
8383,千附,60.2,60.18,59.43,52.63,1545799,93057100,2185798,54.19,9.65
8390,金益鼎,121.5,120.5,106.77,97.46,930454,113050161,1438956,72.99,7.52
8401,白紗科,22.75,22.93,23.8,25.3,83842,1907405,61528,21.54,-1.09
8403,盛弘,19.25,19.71,20.4,21.8,508801,9794419,302675,19.56,-4.47
8409,商之器,19.1,19.46,19.5,20.2,17018,325043,22203,39.38,0.79
8410,森田,34.25,34.74,35.81,36.38,84282,2886658,56496,32.59,-1.15
8415,大國鋼,34.85,35.58,34.85,34.18,556112,19380502,899532,50.19,-4.39
8416,實威,172.0,172.7,172.32,170.6,7119,1224468,15024,49.04,-0.58
8421,旭源,13.35,13.53,13.63,13.58,58976,787329,42222,34.86,-1.84
8423,保綠-KY,17.55,17.72,17.83,18.27,42153,739785,31741,38.25,-0.85
8424,惠普,73.0,72.92,73.57,74.33,22314,1628922,34979,34.7,-0.27
8426,紅木-KY,21.9,22.13,22.52,24.39,41636,911828,54927,41.35,-1.13
8431,匯鑽科,57.3,58.94,60.17,63.92,806136,46191592,887692,40.2,0.35
8432,東生華,50.3,51.06,50.34,51.17,78007,3923752,43029,46.44,-0.59
8433,弘帆,52.3,53.12,53.6,57.16,57355,2999666,35474,32.84,-0.38
8435,鉅邁,54.7,55.1,55.7,56.56,42955,2349638,47996,33.73,-2.67
8436,大江,116.5,119.1,119.48,122.23,866398,100935367,569055,38.69,-2.51
8437,大地-KY,11.65,11.89,11.73,12.66,26773,311905,102685,44.27,2.64
8440,綠電,24.2,22.67,22.02,22.89,965839,23373304,349327,61.16,8.04
8444,綠河-KY,6.15,6.43,6.92,7.38,36285,223152,56057,41.27,-9.56
8446,華研,85.5,85.0,84.46,91.69,114895,9823522,92587,45.05,0.47
8450,霹靂,15.75,15.86,16.05,16.84,48129,758031,41131,36.14,-1.56
8455,大拓-KY,39.75,40.74,32.06,24.95,73232,2910972,125317,70.79,-8.93
8472,夠麻吉,70.5,70.18,70.2,72.17,26274,1852317,19863,48.64,-1.81
8477,創業家,20.75,17.77,15.75,14.27,199951,4148983,193332,75.96,34.74
8489,三貝德,22.95,23.65,24.98,25.69,109896,2522113,183564,33.35,-8.2
8905,裕國,29.7,30.31,33.26,37.42,9443,280457,6138,27.92,0.68
8906,花王,24.95,25.16,25.03,28.03,50133,1250818,46427,41.32,-0.99
8908,欣雄,40.7,40.65,39.89,41.15,284921,11596284,276596,56.77,0.12
8916,光隆,45.15,45.83,46.66,47.18,186450,8418217,148180,23.14,-3.22
8917,欣泰,53.1,52.76,52.81,54.38,14110,749240,15626,50.82,0.57
8921,沈氏,18.5,18.35,18.31,17.79,1000,18500,1722,56.21,0.0
8923,時報,20.1,19.73,19.49,19.66,0,0,4025,60.96,4.15
8924,大田,63.5,63.96,65.04,67.21,430632,27345132,210851,30.22,-1.24
8927,北基,18.3,18.85,19.94,22.46,1163792,21297392,647679,31.29,-6.39
8928,鉅明,21.1,21.34,21.38,22.73,33040,697144,25411,37.66,-2.09
8929,富堡,13.75,14.04,14.49,15.4,35803,492291,60138,28.31,-5.5
8930,青鋼,28.55,28.57,29.06,30.32,40554,1157816,80311,36.3,0.53
8931,大汽電,43.5,42.49,42.0,43.48,284057,12356479,119822,63.83,3.82
8932,智通*,100.0,101.6,96.3,91.29,3080010,308001000,3945587,56.69,1.11
8933,愛地雅,4.3,4.39,5.33,6.19,456714,1963870,895683,10.63,-1.83
8935,邦泰,19.8,20.04,19.24,19.05,515180,10200563,575040,55.05,0.76
8936,國統,50.0,50.18,50.63,51.35,2591302,129565100,2176674,45.84,1.21
8937,合騏,30.35,31.2,33.4,35.86,322714,9794370,499365,35.61,-4.56
8938,明安,52.7,53.78,55.64,61.68,628091,33100396,372406,19.74,-2.59
8941,關中,44.3,44.25,44.34,45.2,10819,479281,6013,46.02,-0.23
8942,森鉅,40.3,41.01,42.55,40.1,396767,15989709,436091,42.4,-2.18
9103,美德醫療-DR,5.43,5.28,4.92,5.01,2851424,15483231,3201462,63.24,9.26
9105,泰金寶-DR,8.56,7.41,6.16,5.82,339108352,2902767635,117524000,85.18,53.13
9110,越南控-DR,2.69,2.58,2.77,2.98,47000,126430,103400,43.69,-0.74
9136,巨騰-DR,11.45,11.06,11.8,10.41,1739000,19911549,1444405,52.08,4.09
9802,富邦旗艦50,73.4,74.42,77.66,80.01,864761,63473458,864454,37.28,-3.29
9902,台火,13.7,13.77,14.06,14.54,194546,2665280,164940,38.43,0.0
9904,寶成,25.35,25.63,25.8,27.62,16941093,429456714,14189860,31.51,-1.17
9905,大華,20.65,20.7,21.02,21.07,99502,2054716,184009,38.25,-0.72
9906,欣巴巴,33.4,33.95,34.88,39.17,211311,7057787,239935,37.57,0.75
9907,統一實,15.85,15.93,16.62,17.71,3154847,50004326,3324868,20.81,-0.31
9908,大台北,29.15,29.14,29.32,29.9,282508,8235108,250951,40.75,0.0
9910,豐泰,67.2,68.08,70.21,77.79,3253491,218634585,2670361,31.49,-4.14
9911,櫻花,82.0,82.34,82.72,85.63,412537,33828034,302332,39.88,-0.97
9912,偉聯,12.45,12.51,12.53,12.48,43633,543230,88588,48.5,-0.4
9914,美利達,64.9,67.64,62.88,64.42,2067885,134205739,2226781,51.82,-5.26
9917,中保科,114.0,112.9,112.92,112.81,433539,49423446,395875,55.11,0.88
9918,欣天然,43.6,43.38,43.24,45.49,94896,4137465,83595,50.41,0.35
9919,康那香,14.15,14.23,14.27,15.0,445509,6303952,559991,40.41,-0.7
9921,巨大,66.2,68.96,70.07,71.13,2311731,153036585,1696240,39.3,-6.23
9924,福興,41.7,41.96,42.62,44.52,273850,11419545,217504,29.56,-0.48
9925,新保,40.2,40.19,40.26,40.56,222401,8940520,224259,40.84,0.12
9926,新海,48.95,48.96,49.15,49.91,17603,861666,34120,37.12,-0.2
9927,泰銘,67.5,67.46,67.88,68.22,76662,5174685,108154,45.06,1.2
9928,中視,17.8,17.85,17.71,17.79,43297,770686,53151,51.93,0.56
9929,秋雨,11.35,11.52,11.64,11.8,8001,90811,19273,44.84,-0.44
9930,中聯資源,68.3,68.02,68.93,69.99,98991,6761085,98515,40.81,1.04
9931,欣高,33.8,33.85,34.25,37.08,88229,2982140,59919,35.13,-0.29
9933,中鼎,39.35,39.67,37.75,35.9,6666459,262325151,6280859,59.83,1.55
9934,成霖,9.54,9.67,9.5,9.51,375799,3585122,475737,49.27,-1.75
9935,慶豐富,18.5,18.59,18.4,18.83,423023,7825925,351856,48.46,-0.27
9937,全國,55.4,55.54,56.24,56.93,48592,2691996,45320,32.98,-1.07
9938,百和,42.35,42.81,44.1,46.07,2052610,86928030,2096091,30.56,-2.42
9939,宏全,122.5,124.5,119.15,118.13,843691,103352147,1088927,55.11,-1.21
9940,信義,18.6,18.7,19.09,19.8,487346,9064635,425278,34.61,-1.06
9941,裕融,72.0,72.98,74.57,76.01,2497415,179813880,1661540,30.57,-2.31
9942,茂順,117.0,117.2,118.05,116.77,75492,8832564,87668,47.43,0.0
9943,好樂迪,55.2,55.52,55.76,56.9,73589,4062112,114985,42.18,0.18
9944,新麗,16.85,16.97,16.8,16.58,120361,2028082,158798,52.63,-0.88
9945,潤泰新,23.25,23.31,23.44,25.15,7520021,174840488,8990578,42.15,-0.64
9946,三發地產,16.2,16.51,16.38,17.0,498838,8081175,476031,39.98,-3.57
9955,佳龍,27.75,28.03,28.88,31.17,387708,10758897,362912,33.42,0.0
9958,世紀鋼,102.0,103.2,103.55,111.86,2398939,244691778,2364396,44.13,0.99
