代號,產業,族群,分數,5日漲幅,RSI,成交量,成交值,風險
3450,其他,CPO,35,22.2,68.68,4732642,2371053642,中
3416,電腦設備,工業電腦,33,13.06,73.24,2438372,464509866,中
8050,電腦設備,工業電腦,33,12.87,80.09,12273391,710629357,高
2453,其他,機器人,33,14.26,79.07,8951131,559445687,高
3444,其他,其他,32,31.28,76.21,2587945,304083537,高
6016,其他,其他,32,22.48,75.0,25599070,683495188,高
5536,其他,設備,32,21.18,75.15,3792205,4209347550,高
3323,其他,BBU,32,11.76,67.87,7313797,281581184,中
5425,其他,其他,32,20.25,78.55,68765555,7186000497,高
6435,其他,功率半導體,32,25.81,70.73,2636515,764589350,中
6282,其他,其他,32,24.21,74.91,83232664,5251980971,中
8114,其他,其他,32,21.5,75.16,1455650,378469000,高
6548,其他,其他,32,25.72,73.33,28461838,1739018258,中
3025,其他,其他,31,30.17,76.95,2217902,173218142,高
6570,其他,其他,31,31.85,73.94,4220931,249879118,中
4555,其他,其他,31,27.12,83.13,3402650,181020982,高
5299,其他,MOSFET,30,13.88,72.37,5438421,647172099,中
4966,其他,其他,30,14.93,78.06,3638342,3165357540,高
1409,其他,其他,30,13.51,76.25,57261162,1082235939,高
3706,其他,AI電源,30,10.49,59.91,30067171,2660944633,低
3592,其他,其他,30,13.12,72.08,2798770,796250065,中
8255,其他,其他,30,18.91,81.6,6723297,1247171593,高
1513,電機機械,變壓器,30,13.8,67.61,30787075,5203015675,中
6168,其他,其他,30,19.08,65.26,23989616,741279125,中
3032,其他,其他,30,15.92,80.79,6289461,572340951,高
6206,其他,工業電腦,30,10.77,80.73,3188782,459184608,高
8105,其他,其他,30,10.16,79.39,18306058,317610113,高
3062,其他,其他,30,10.62,71.43,27277346,852417062,中
4906,其他,網通,30,13.88,76.18,47111465,2087037863,高
1809,其他,其他,30,15.47,69.19,13151731,583936876,中
2359,其他,機器人,30,13.33,70.34,10223418,1477283901,中
2606,其他,散裝,30,12.4,76.43,13377091,969839097,高
2855,其他,其他,30,14.54,66.67,16225053,728504904,中
6425,其他,其他,30,16.74,75.53,10855048,1112642420,高
6223,其他,CoWoS,30,12.5,71.18,865085,5527893150,中
6125,其他,散熱,29,20.29,63.52,5795902,381370369,低
8499,其他,其他,29,18.41,69.17,420552,137941056,中
6120,其他,其他,29,18.82,75.29,11766593,178263879,高
3152,其他,其他,29,21.04,65.82,2326967,461902949,中
6415,其他,矽智財,29,20.23,75.42,6970881,4308004458,高
6239,其他,其他,29,24.4,76.01,3284709,1021544499,高
3532,其他,其他,29,23.25,61.97,4393429,1199406117,低
3707,其他,低軌衛星,29,22.66,65.4,40882801,3650834254,中
3711,其他,封測,29,20.98,65.59,25678273,15843494441,中
8289,其他,其他,29,24.59,74.7,5337973,367786347,中
1503,電機機械,變壓器,29,22.1,64.83,20866623,4611523683,低
8261,其他,功率半導體,29,27.08,83.23,4773913,840208688,高
3141,其他,其他,29,22.8,83.15,4522713,360460212,高
2404,其他,半導體耗材,29,20.49,75.21,4999334,6174177490,高
6525,其他,其他,29,10.41,67.26,2447446,298588412,中
6116,其他,面板,29,25.6,78.45,43534725,565951425,高
6147,其他,半導體設備,29,22.97,80.59,81840976,21687858640,高
6290,其他,其他,29,25.38,68.22,10837796,3560215986,中
6265,其他,其他,29,32.21,71.01,22464615,1235553825,中
2495,其他,其他,29,34.93,69.46,27636468,1398405238,中
2312,其他,其他,29,31.98,71.15,165577436,6184316981,中
5011,其他,其他,29,24.25,73.89,3031775,56694194,中
3357,其他,其他,29,23.59,81.4,10221630,2918275365,高
2302,其他,其他,29,31.06,81.61,15419767,504226392,高
2356,其他,ODM代工,29,20.62,72.95,79660687,4938962594,中
5864,其他,其他,29,23.13,62.43,13023744,502716498,低
5434,其他,其他,29,21.1,72.76,1243365,603032025,中
5484,其他,AI安控,29,18.72,75.06,2194186,107844245,高
2351,其他,其他,29,27.22,78.8,12546557,2873161553,高
2344,其他,DRAM,29,34.2,71.13,438816841,68016610355,中
3189,其他,ABF載板,29,32.48,67.4,8271651,5533734519,中
3211,其他,其他,29,33.72,67.94,19220170,8918158880,中
2316,其他,其他,29,22.18,75.37,11948880,2007411840,高
6727,其他,其他,29,26.69,71.02,2077691,1306867639,中
3287,其他,其他,29,16.35,79.77,2849215,103426502,高
4973,其他,其他,29,27.52,78.81,2775560,385802840,高
6756,其他,其他,29,15.27,67.57,1098403,123570337,中
2301,其他,面板,29,20.59,69.41,57539610,14154744060,中
6209,其他,其他,29,26.76,70.11,24141130,2080965332,中
6207,其他,其他,29,28.25,76.66,22228798,2300680593,高
6761,其他,其他,29,23.14,60.78,3306289,738955591,低
5243,其他,其他,29,29.19,69.4,2664390,359692650,中
2308,其他,AI電源,29,31.59,61.32,13873795,34961963400,低
2303,其他,先進製程,29,32.87,78.11,280017949,40182575681,高
6695,其他,其他,28,21.96,70.0,2007000,124835401,中
6015,其他,其他,28,23.79,63.97,15451918,277361939,低
2395,其他,工業電腦,28,9.46,72.41,4513901,2297575609,中
6405,其他,其他,28,27.78,58.23,1662000,114678000,低
6651,其他,其他,28,22.76,71.2,909485,137332235,中
6770,其他,其他,28,9.03,69.55,319820107,21619838745,中
3293,其他,其他,28,3.85,66.07,4854348,3669887088,中
6742,其他,其他,28,25.26,82.41,2099746,124934887,高
3596,其他,交換器ASIC,28,3.28,74.0,3091521,584297469,中
8926,其他,其他,28,8.7,79.84,15660751,978796937,高
3645,其他,其他,28,9.81,65.19,19249474,2261813195,中
6432,其他,其他,28,23.72,83.33,3366963,219525977,高
3467,其他,其他,28,27.26,61.74,2146447,166349642,低
3312,其他,其他,28,8.86,74.06,8879401,447521823,中
1773,其他,其他,27,19.27,65.04,3128586,610074270,中
8096,其他,其他,27,12.56,78.0,10653734,1289101814,高
4542,其他,其他,27,15.04,68.69,1296441,351983731,中
8088,其他,安控,27,18.45,60.21,16884068,1029928148,低
3714,其他,其他,27,17.38,56.91,94761491,7552490543,低
8064,其他,其他,27,15.79,68.42,12208554,1745823222,中
1303,其他,塑化,27,18.19,58.33,123269910,11772276405,低
1514,其他,充電樁,27,10.62,58.46,14305317,1788164625,低
3691,其他,其他,27,11.87,63.48,5708068,887604574,低
3694,其他,其他,27,17.41,66.42,5112524,361966714,中
3702,其他,其他,27,11.76,72.83,13715143,1693820160,中
3704,其他,其他,27,12.69,84.84,8684042,377755827,高
5269,其他,其他,27,10.43,65.29,1948154,2990416390,中
5328,其他,其他,27,15.05,74.56,31410778,1116653133,中
3491,其他,低軌衛星,27,18.52,71.3,616431,1282176480,中
4722,其他,化工,27,11.15,76.73,5215384,1481169056,高
4739,其他,化工,27,13.13,64.16,6584312,697937072,低
1810,其他,衛浴,27,8.15,65.88,11121068,221309248,中
8043,其他,其他,27,15.28,69.47,17508016,2311058112,中
8028,其他,其他,27,11.85,72.1,14353938,4471251687,中
3285,其他,其他,27,11.58,76.86,361492,11495445,高
5465,其他,其他,27,11.2,65.52,333362,8934101,中
6719,其他,其他,27,15.91,79.82,4112098,1048584990,高
2321,其他,其他,27,18.11,70.41,51569,773535,中
2049,其他,智慧製造,27,13.77,77.74,7786460,3184662140,高
3402,其他,其他,27,17.11,62.82,5138309,791299586,低
3310,其他,其他,27,11.18,67.12,1098900,84175738,中
3305,其他,其他,27,17.15,83.22,13301051,2134818685,高
3317,其他,其他,27,13.52,71.88,8405188,691746998,中
3356,其他,其他,27,6.18,68.49,2333646,152387090,中
6020,其他,其他,27,11.37,70.56,308289,7244791,中
2363,其他,其他,27,11.15,65.95,26991623,1803040498,中
2353,其他,筆電AI,27,14.39,67.37,61704879,1937533177,中
6669,其他,ODM代工,27,10.22,65.08,1927891,10815468510,中
6155,其他,其他,27,17.69,72.71,10997108,673023017,中
3035,其他,2奈米,27,13.21,70.05,29707750,6491143375,中
3036,其他,其他,27,14.42,83.39,13588407,4096904710,高
6196,其他,其他,27,18.39,77.32,1707377,829785222,高
2421,其他,散熱,27,13.29,63.74,7127737,1154693394,低
3149,其他,其他,27,10.17,76.2,41243256,2680811640,高
2423,其他,其他,27,13.62,73.38,691633,57128884,中
2425,其他,其他,27,11.79,72.54,1826347,66661665,中
6138,其他,其他,27,15.24,71.9,3001102,1066891761,中
2377,其他,筆電AI,27,15.53,74.76,31204574,3947378611,中
6139,其他,其他,27,11.93,68.12,5680124,4583860068,中
2476,其他,其他,27,13.16,67.06,8018807,1034426103,中
3008,其他,光學,27,16.87,81.71,1271411,4888575295,高
3003,其他,其他,27,3.39,65.36,1711758,104417238,中
2401,其他,其他,27,15.43,75.57,30598354,950078868,高
6220,其他,其他,27,12.4,82.61,1179754,41173416,高
6292,其他,其他,27,15.74,74.27,1333779,83361187,中
2881,金融,金融,27,14.82,77.39,92832987,10211628570,高
6443,其他,儲能櫃,27,12.78,67.91,44131813,1908700912,中
2481,其他,其他,27,10.9,82.35,72198779,10649319902,高
6412,其他,其他,27,17.65,67.35,4293011,446473144,中
6411,其他,其他,27,17.44,78.07,4610625,465673125,高
3673,其他,其他,27,15.89,72.37,33165583,2636663848,中
3663,其他,其他,27,14.38,68.24,5247818,471778846,中
3675,其他,其他,27,17.17,81.22,1797604,656125460,高
1560,其他,其他,27,19.38,71.07,2060219,1497779213,中
1583,其他,其他,27,14.23,66.26,145075,7805034,中
8201,其他,其他,27,13.52,68.97,515052,7133470,中
8477,其他,其他,26,34.74,76.98,199951,4148983,高
8121,其他,其他,26,16.48,66.4,2776603,113840723,中
1568,其他,其他,26,33.93,81.57,1409138,52842675,高
3016,其他,其他,26,19.82,64.88,2192937,291660621,低
3013,其他,機殼,26,20.3,63.83,19426495,2360319142,低
2493,其他,其他,26,22.96,60.9,10159013,1605124054,低
6218,其他,其他,26,12.06,62.3,4903378,211825933,低
8358,其他,其他,26,21.74,64.26,4508995,2525037200,低
3042,其他,其他,26,31.63,63.33,2200331,425764048,低
3037,其他,PCB,26,21.32,58.97,22262249,22039626510,低
2383,其他,PCB,26,20.71,57.62,2110806,11197825830,低
3051,其他,其他,26,23.94,53.41,18000413,554412706,低
6161,其他,其他,26,17.84,75.47,3311945,199047889,高
6579,其他,其他,26,10.42,73.68,898440,142851960,中
6546,其他,其他,26,12.87,73.01,1817649,146684268,中
6197,其他,其他,26,25.4,63.09,7618294,2087412556,低
2929,其他,其他,26,28.63,72.18,1256001,8352406,中
3105,其他,其他,26,25.42,62.0,48111520,26942451200,低
3131,其他,設備,26,32.75,58.54,416570,1426752250,低
4927,其他,其他,26,29.09,55.05,24005386,1485933430,低
3390,其他,其他,26,10.37,57.84,5409527,161203900,低
3528,其他,其他,26,10.36,59.31,1823481,167030856,低
4923,其他,其他,26,32.22,78.43,939263,46634409,高
3581,其他,其他,26,22.93,58.31,3162810,797028120,低
4127,其他,其他,26,28.27,77.27,493109,32890368,高
8086,其他,網安,26,20.07,63.12,15127450,2624612575,低
6937,其他,其他,26,22.9,55.02,2438877,857265265,低
6613,其他,其他,26,13.13,76.76,406813,113907640,高
2360,其他,探針卡,26,27.12,61.9,2634558,6915714750,低
2324,其他,被動元件,26,21.01,62.62,116358890,3886387103,低
3167,其他,其他,26,23.28,60.79,7764657,6825133503,低
2439,其他,其他,25,6.33,65.44,7037015,638257239,中
6446,其他,新藥,25,4.22,81.85,3282637,2757415080,高
3034,其他,其他,25,2.84,71.04,4666747,2282039283,中
3059,其他,其他,25,0.23,64.9,19972056,864790009,低
6285,其他,交換器,25,4.2,71.38,34540701,10293128898,中
2885,其他,金融,25,7.99,65.45,39966642,2378015199,中
2458,其他,其他,25,7.52,68.47,3314700,545268150,中
2908,其他,其他,25,1.91,76.19,740579,15811361,高
3067,其他,其他,25,6.94,67.92,35010,647685,中
6176,其他,其他,25,7.61,65.82,6862089,737674567,中
6526,其他,其他,25,8.85,70.59,2558448,1918836000,中
3055,其他,其他,25,4.42,73.28,6664427,786402386,中
6127,其他,其他,25,9.21,72.14,39101622,2224882351,中
2379,其他,800G,25,6.7,64.22,6036426,3652037730,低
3135,其他,其他,25,2.64,69.96,1982348,423231298,中
2373,其他,其他,25,2.65,65.0,144116,8358728,中
3046,其他,其他,25,5.88,74.87,587059,31701186,中
2385,其他,其他,25,5.45,56.52,6092849,825581039,低
3014,其他,其他,25,9.59,75.36,3379312,501827832,高
8101,其他,其他,25,5.3,69.74,14101,196003,中
1609,其他,電纜,25,8.73,65.0,10638281,390956826,中
6005,其他,其他,25,7.04,68.07,11825595,386696965,中
3413,其他,半導體耗材,25,8.22,62.83,4564113,1592875437,低
2233,其他,其他,25,9.94,71.21,2137336,780127640,中
3406,其他,機器視覺,25,2.43,68.59,1549419,915706629,中
6668,其他,其他,25,4.59,68.65,1574000,64612698,中
3206,其他,其他,25,-0.13,65.44,313507,11834889,中
4770,其他,半導體耗材,25,8.66,60.95,1920635,482079385,低
6962,其他,其他,25,7.71,65.4,9556105,373643690,中
8016,其他,其他,25,5.82,71.48,1761481,512590971,中
4576,其他,無人機,25,7.16,62.16,6739262,1866775574,低
8069,其他,其他,25,8.26,84.04,6932137,1726102113,高
4433,其他,其他,25,4.88,69.62,156474,3364191,中
4711,其他,其他,25,4.27,73.85,689549,11791288,中
3376,其他,其他,25,7.3,60.0,13053081,2878204360,低
4949,其他,其他,25,23.43,55.69,2313720,249881760,低
3088,其他,其他,25,7.04,80.6,3011049,435096580,高
3168,其他,其他,25,9.44,65.4,498027,24826645,中
2542,其他,營建,25,-1.37,70.11,15145317,652763139,中
6257,其他,其他,25,5.95,74.82,10218439,2365568628,中
6215,其他,智慧製造,25,6.3,66.1,8372748,1130320980,中
3019,其他,機器視覺,25,6.46,69.57,10818242,1693054873,中
2882,金融,金融,25,9.63,68.82,69883832,5968079359,中
8374,其他,其他,25,-0.44,68.35,5985761,673398112,中
4106,其他,其他,25,1.52,77.78,151105,3528301,高
8931,其他,其他,25,3.82,70.21,284057,12356479,中
4163,其他,其他,25,3.11,67.66,355629,41252964,中
1713,其他,其他,25,4.34,65.83,479344,23607692,中
3716,其他,其他,25,1.32,71.01,380306,13158587,中
3537,其他,其他,24,16.26,73.93,6074992,408239443,中
6698,其他,其他,24,10.13,64.34,927200,32266559,低
6716,其他,其他,24,9.07,70.45,1226578,131243846,中
2376,其他,伺服器,24,10.1,60.54,9012980,2996815850,低
6174,其他,其他,24,7.36,65.39,3990114,186138824,中
6491,其他,其他,24,4.95,82.22,686610,211132575,高
6134,其他,其他,24,10.45,58.25,1095377,36476053,低
2478,其他,其他,24,13.74,82.54,3715672,445880640,高
2408,記憶體,DRAM,24,13.45,55.87,205761598,64197618576,低
6509,其他,特化,24,7.45,80.64,3113223,159397019,高
1525,其他,其他,24,18.71,68.12,140753,9824559,中
3617,其他,其他,24,7.31,61.61,551501,113333455,低
2406,其他,其他,24,16.14,50.0,22619298,789413534,低
2399,其他,其他,24,13.74,59.34,16351793,784886064,低
6202,其他,其他,24,15.94,58.09,7160043,437478616,低
6451,其他,其他,24,10.77,56.46,3508859,2021102784,低
2438,其他,其他,24,17.67,61.49,1830520,46312154,低
2449,其他,探針卡,24,13.69,42.81,94975649,29964817259,低
2467,其他,其他,24,18.59,64.19,3133342,2058605694,低
8163,其他,其他,24,6.6,84.1,5072374,180322891,高
8473,其他,其他,24,16.88,77.69,2002780,83916485,高
2484,其他,其他,24,18.74,62.17,21846397,1149120448,低
1597,其他,工具機,24,16.37,56.49,9327929,1856257871,低
3615,其他,其他,24,11.95,71.38,10650694,503777818,中
6725,其他,其他,24,19.26,52.14,1034315,352184257,低
3545,其他,其他,24,8.07,72.16,3757370,231453986,中
3443,其他,矽智財,24,12.03,56.81,2361778,12541041180,低
8215,其他,其他,24,9.98,55.29,5714609,170009617,低
6259,其他,其他,24,16.59,67.75,739795,20011454,中
6226,其他,其他,24,15.23,62.0,6697976,93771664,低
6245,其他,其他,24,9.69,70.98,2655258,240566370,中
6278,其他,其他,24,13.33,64.64,28174555,6705544090,低
1605,其他,其他,24,13.29,56.13,48851868,1831945050,低
6414,其他,其他,24,13.24,57.2,2198760,799249260,低
8390,其他,其他,24,7.52,79.01,930454,113050161,高
4168,其他,其他,24,12.55,82.14,870495,24591483,高
8091,其他,其他,24,6.11,77.7,431290,116017010,高
1717,其他,特化,24,16.23,57.64,86923320,7345020540,低
3564,其他,其他,24,14.43,72.12,409983,18859218,中
1727,其他,其他,24,14.07,67.17,11950139,1153188413,中
8227,其他,其他,24,16.62,56.9,3069010,688992745,低
4764,其他,其他,24,17.33,60.85,3156215,1110987680,低
4952,其他,其他,24,9.95,70.79,2260227,123634418,中
4939,其他,其他,24,14.91,48.01,26724969,1153182453,低
2313,其他,PCB,24,10.59,60.0,76339953,21527866746,低
2329,其他,AI伺服器,24,13.81,41.44,22857550,1337166675,低
3498,其他,其他,24,8.36,78.87,1079164,167810002,高
3504,其他,其他,24,9.83,73.03,3208646,265355014,中
8040,其他,其他,24,14.49,73.78,4975694,562253422,中
8032,其他,其他,24,11.53,66.01,369904,16997089,中
5388,其他,交換器ASIC,24,11.34,62.0,4483772,387397907,低
5228,其他,其他,24,14.77,80.61,378432,21759840,高
5483,其他,其他,24,20.0,55.88,31643881,5126308722,低
5471,其他,其他,24,5.16,68.39,2846758,150878174,中
6732,其他,其他,24,10.91,69.31,482402,88279566,中
6902,其他,其他,24,13.11,83.81,604961,83484618,高
2206,其他,其他,24,2.57,66.1,1895964,113378645,中
2332,其他,其他,24,11.83,68.92,6316947,98544375,中
6693,其他,其他,24,10.22,50.75,2041539,308272389,低
3372,其他,其他,24,15.75,71.3,2539596,55998089,中
6617,其他,其他,24,12.16,64.09,631703,46619683,低
3085,其他,其他,24,12.5,62.14,100514,1356939,低
5351,其他,其他,24,11.02,56.04,27148516,2242467380,低
6658,其他,其他,24,4.43,66.27,628069,133150628,中
3094,其他,其他,24,8.61,75.42,4546545,166403540,高
3380,其他,其他,23,12.76,54.59,7121870,254962940,低
4755,其他,其他,23,13.33,56.76,1178933,180376749,低
3031,其他,其他,23,15.06,56.39,6335186,208110850,低
3041,其他,其他,23,14.65,63.84,3957751,106859277,低
6234,其他,其他,23,23.6,39.2,11240913,609257493,低
2349,其他,其他,23,13.99,59.29,10536992,145937343,低
6862,其他,其他,23,10.09,55.5,1297632,240710736,低
2465,其他,工業電腦,23,13.76,49.59,3242548,278859128,低
6117,其他,其他,23,15.02,55.1,2227829,204737488,低
6552,其他,其他,23,21.12,59.47,2003000,69504101,低
3483,其他,其他,23,11.2,56.13,1208240,116353515,低
6913,其他,其他,23,11.2,58.96,896071,129034224,低
4956,其他,其他,23,20.14,51.39,10859359,547311710,低
8440,其他,其他,22,8.04,64.14,965839,23373304,低
8210,其他,機殼,22,3.99,60.9,1541829,2212524615,低
3661,其他,矽智財,22,6.75,63.59,1435544,7034165600,低
3646,其他,其他,22,3.02,60.0,51805,1235549,低
8097,其他,其他,22,0.7,78.5,88753,5121048,高
6204,其他,其他,22,7.9,71.43,868491,78251037,中
3006,其他,其他,22,-9.13,66.55,29366880,6725015520,中
2455,其他,顯示卡,22,4.49,68.52,3174016,1328325696,中
2451,其他,其他,22,3.72,56.03,8847965,2840196765,低
8182,其他,其他,22,20.33,52.09,3848346,169712052,低
1582,其他,其他,22,2.8,68.33,7255097,798060670,中
2527,其他,其他,22,9.85,62.79,924153,33500546,低
2485,其他,其他,22,4.96,62.6,24978629,1850916370,低
6263,其他,其他,22,8.55,75.43,254336,46797824,高
2546,其他,其他,22,3.44,67.31,184846,16137056,中
2637,其他,其他,22,5.71,47.34,5511954,418357317,低
6277,其他,其他,22,2.85,69.83,572275,43321215,中
6283,其他,其他,22,-0.2,64.47,592000,14740799,低
2891,其他,金融,22,2.42,64.71,65166486,3857856020,低
2850,其他,其他,22,2.17,70.83,609382,86227553,中
2816,其他,其他,22,2.08,68.63,305622,9764623,中
3138,其他,其他,22,8.28,63.87,3442544,607609016,低
6558,其他,儲能櫃,22,9.56,69.76,2412009,80199299,中
6598,其他,其他,22,0.0,71.91,272027,6664661,中
6585,其他,其他,22,3.12,77.89,168000,16111200,高
6121,其他,生技,22,5.45,64.74,966748,383315582,低
2390,其他,其他,22,7.21,71.54,1464488,15670021,中
3033,其他,其他,22,1.03,73.1,42556396,2093774715,中
3023,其他,其他,22,6.8,63.59,1619797,508616258,低
3028,其他,其他,22,0.12,68.22,5343584,434433395,中
3030,其他,其他,22,8.01,51.01,8007540,3347151720,低
6485,其他,其他,22,-3.57,65.02,3339471,360662868,中
6426,其他,其他,22,2.05,59.8,2275360,623448640,低
6194,其他,其他,22,6.81,72.55,116871,4032049,中
6190,其他,其他,22,3.61,64.62,9356994,752302331,低
2414,其他,其他,22,3.85,66.48,317382,16249958,中
6531,其他,車用,22,-7.05,57.08,4421451,4664630805,低
2347,其他,其他,22,2.63,56.41,5075455,435981592,低
5523,其他,其他,22,0.66,60.0,205171,6247457,低
3217,其他,其他,22,4.77,67.44,2669314,527189515,中
3209,其他,其他,22,0.82,74.63,7799538,576385870,中
3114,其他,其他,22,5.72,69.23,732328,20981196,中
2357,其他,其他,22,9.53,64.09,4216562,2955809962,低
5607,其他,其他,22,4.34,61.89,864630,43663815,低
5876,其他,其他,22,-0.13,66.67,13247498,526588045,中
5488,其他,其他,22,1.28,75.34,889215,10537198,高
2317,其他,手機AI,22,10.0,59.46,78164989,20635557096,低
5215,其他,其他,22,2.2,74.18,412723,19191619,中
5220,其他,其他,22,6.64,69.43,138114,3218056,中
3311,其他,其他,22,7.63,68.02,463711,15696616,中
5284,其他,其他,22,9.08,63.35,2037200,832196200,低
5258,其他,AI安控,22,-0.85,69.77,1342191,78249734,中
5236,其他,其他,22,8.14,71.67,454283,84496638,中
6762,其他,其他,22,-9.47,70.77,12120,2084640,中
6799,其他,其他,22,5.76,67.15,736079,74343979,中
6792,其他,其他,22,9.29,79.5,248125,17219875,高
6781,其他,其他,22,6.33,60.77,1959557,2469041820,低
4976,其他,其他,22,3.83,65.8,1380520,44866900,中
6899,其他,其他,22,5.72,67.29,477340,29976951,中
5209,其他,其他,22,2.74,68.42,52853,8932157,中
5014,其他,其他,22,7.35,75.77,418652,4584239,高
6680,其他,其他,22,8.22,67.92,1086,62879,中
8027,其他,其他,22,3.96,64.35,1284636,320516682,低
8044,其他,其他,22,-2.41,69.01,1600022,45280621,中
8039,其他,其他,22,6.41,56.95,17746156,2653050322,低
4585,其他,其他,22,2.73,56.83,867871,310263882,低
4931,其他,儲能櫃,22,9.23,67.06,11678298,2417407686,中
4766,其他,其他,22,2.74,55.0,1640016,615826008,低
3515,其他,其他,22,9.62,56.0,1252706,306912970,低
3530,其他,其他,22,5.04,57.2,565050,40062045,低
1709,其他,其他,22,5.79,62.5,2090901,40145300,低
4527,其他,其他,22,1.95,74.63,55023,2448523,中
4538,其他,其他,22,1.91,63.16,111481,2084694,低
4526,其他,重電,22,5.22,50.15,10584975,427103725,低
4306,其他,其他,22,3.31,78.13,2434853,34209685,高
3607,其他,其他,22,4.86,65.38,595100,8986010,中
3583,其他,其他,22,1.78,63.38,2753808,2522488128,低
4571,其他,其他,22,-2.16,61.41,1468446,333337242,低
1733,其他,其他,22,0.17,76.19,140759,4208694,高
8081,其他,其他,22,6.67,62.94,2153586,620232768,低
2027,其他,鋼鐵,22,3.16,62.27,27186498,1154066860,低
3576,其他,其他,22,10.57,67.74,40210431,778071855,中
1504,其他,重電,22,2.61,38.57,24965572,1767562573,低
1256,其他,其他,22,4.92,66.67,151914,29167488,中
1323,其他,其他,22,1.51,69.39,78604,1587800,中
2489,其他,其他,21,19.15,60.8,80071156,4059607670,低
2727,其他,其他,21,-0.21,57.14,759674,177763716,低
2516,其他,其他,21,10.57,55.0,1850325,25164420,低
6442,其他,封測,21,13.5,50.0,4919172,10133494320,低
6417,其他,其他,21,15.6,62.88,190680,27553260,低
2731,其他,觀光,21,3.75,55.56,1283514,213063324,低
3577,其他,其他,21,9.33,81.03,1706432,249992288,高
6224,其他,其他,21,15.26,54.68,3816739,322896113,低
6214,其他,其他,21,4.45,61.76,1547157,199583253,低
4534,其他,其他,21,18.39,58.67,1455561,37480695,低
6227,其他,其他,21,9.65,70.69,1542461,192807625,中
3689,其他,其他,21,10.13,54.55,7386917,963992668,低
2491,其他,其他,21,14.18,63.35,1289606,29080614,低
2851,其他,其他,21,0.29,69.52,3292002,115220070,中
3264,其他,其他,21,11.14,39.2,8864655,2034438322,低
2345,其他,交換器ASIC,21,11.25,52.14,3950276,10349723120,低
2409,其他,面板,21,16.27,62.37,565132881,12319896374,低
4961,其他,其他,21,2.63,64.86,1522593,267215071,低
6133,其他,其他,21,17.27,60.29,2816000,67865601,低
2474,其他,其他,21,13.93,52.21,22588383,4709677855,低
6538,其他,其他,21,15.49,78.6,672554,82724142,高
3221,其他,其他,21,17.75,63.18,9863148,556281562,低
3490,其他,其他,21,6.49,70.21,3918209,154377440,中
4551,其他,其他,21,7.9,61.98,746200,117153400,低
4749,其他,其他,21,12.17,60.36,2521881,2811897315,低
6903,其他,其他,21,13.77,51.48,1311807,552926650,低
6143,其他,其他,21,5.04,63.79,1365623,136562300,低
6146,其他,其他,21,3.0,46.34,1050652,234295396,低
3004,其他,其他,21,5.64,62.71,1631494,229224907,低
6205,其他,其他,21,13.52,36.1,6611390,571885235,低
1802,其他,其他,21,13.93,54.07,153822435,11198273737,低
4562,其他,其他,21,-1.63,55.19,2475115,104573608,低
1618,其他,其他,21,9.14,65.0,2681124,112070981,低
4545,其他,其他,21,13.08,59.32,318534,10463841,低
3441,其他,其他,21,7.37,67.9,3430329,177348011,中
6672,其他,其他,21,16.34,44.88,11655954,2447750340,低
1519,其他,變壓器,21,14.03,47.75,6230377,5470271006,低
3338,其他,其他,21,-1.8,54.51,3490436,266669315,低
6667,其他,其他,21,5.17,46.07,864736,228722672,低
6640,其他,其他,21,14.0,52.59,327289,466386825,低
3265,其他,其他,21,11.14,54.46,2089961,396047609,低
3163,其他,CPO,21,15.55,51.02,5861727,6447899700,低
2368,其他,PCB,21,11.34,45.66,5677144,7806073000,低
4979,其他,1.6T,21,11.74,42.0,16205957,10177340996,低
2338,其他,PCB,21,12.74,54.5,8506104,478043051,低
2340,其他,其他,21,16.4,47.92,14354313,575607929,低
2342,其他,其他,21,15.16,44.69,13261579,584172544,低
4991,其他,其他,21,11.86,57.35,5498906,4305643398,低
3071,其他,其他,21,13.75,63.18,1839450,60885792,低
3081,其他,1.6T,21,11.82,54.76,3409608,9836719080,低
5234,其他,其他,21,11.12,56.25,1004389,451472855,低
5274,其他,其他,21,17.16,52.08,321248,5856351040,低
8111,其他,其他,20,10.82,46.04,2415127,163262581,低
8240,其他,其他,20,11.07,49.03,3613874,246466195,低
1623,其他,其他,20,10.67,44.53,554874,132337449,低
4768,其他,其他,20,24.29,46.82,3293892,1660121568,低
6153,其他,零組件,20,10.4,53.33,6562044,125335042,低
6877,其他,其他,20,17.75,51.43,1273715,219715837,低
2615,其他,海運,19,0.86,58.11,9760647,798420954,低
8923,其他,其他,19,4.15,62.22,0,0,低
1447,其他,其他,19,-6.62,65.29,2260476,12432618,中
8455,其他,其他,19,-8.93,77.6,73232,2910972,高
3588,其他,其他,19,5.37,55.02,817569,52978473,低
3591,其他,其他,19,7.72,64.23,3285495,87065617,低
3652,其他,其他,19,7.94,61.97,298000,9521100,低
3666,其他,其他,19,7.66,64.15,151581,4365532,低
4540,其他,其他,19,2.39,54.47,15958581,1160188789,低
4536,其他,其他,19,2.24,74.29,382030,60933785,中
6462,其他,其他,19,-1.12,55.04,7313872,972744976,低
6438,其他,其他,19,4.82,41.46,1753294,305073156,低
2498,其他,其他,19,-1.76,63.55,13827877,617414729,低
2852,其他,其他,19,-0.92,72.73,453239,12169467,中
2762,其他,其他,19,-2.41,70.22,52324,4243476,中
2535,其他,其他,19,4.56,61.98,918169,71617182,低
6416,其他,其他,19,3.85,62.94,419048,38426700,低
4155,其他,其他,19,2.08,71.83,591053,8718031,中
4207,其他,其他,19,0.52,77.78,235075,4548701,高
3580,其他,其他,19,7.11,62.27,3465768,370837176,低
6863,其他,其他,19,1.82,58.95,182100,20395200,低
4933,其他,其他,19,3.03,58.62,1045135,78071581,低
6919,其他,其他,19,13.8,59.56,9400727,1015278516,低
6894,其他,其他,19,8.98,63.24,152126,56286620,低
6151,其他,其他,19,5.55,65.57,1720668,76913860,中
4558,其他,其他,19,1.78,61.11,60000,1200000,低
2241,其他,其他,19,8.35,67.82,1702111,61871732,中
2059,其他,其他,19,9.33,51.5,561624,2763190080,低
2030,其他,其他,19,4.35,63.79,1773357,31920426,低
2032,其他,其他,19,9.76,61.26,2386906,42964308,低
6890,其他,其他,19,3.35,64.56,430004,72885678,低
8049,其他,其他,19,2.5,69.86,438489,11685731,中
3066,其他,其他,19,-0.48,66.13,402683,8315403,中
6192,其他,其他,19,3.15,60.98,413000,54103000,低
4432,其他,其他,19,0.0,78.49,42235,709547,高
6189,其他,其他,19,7.39,62.71,1756801,90650928,低
2008,其他,其他,19,0.9,58.62,26017,732378,低
4550,其他,其他,19,0.81,57.89,17334,433350,低
3551,其他,其他,19,7.51,43.8,1975427,409901102,低
1612,其他,其他,19,3.22,46.43,1570622,57955954,低
3219,其他,其他,19,4.38,65.81,794509,68089418,中
3213,其他,其他,19,4.78,64.29,605149,72920454,低
3426,其他,其他,19,0.1,57.14,5000,238750,低
4767,其他,其他,19,0.56,53.57,16000,427200,低
3374,其他,其他,19,8.44,61.68,11381170,2850983085,低
3171,其他,其他,19,5.09,59.01,28103,1972830,低
6855,其他,其他,19,9.9,65.0,21725,2411475,低
4938,其他,筆電AI,19,6.14,49.11,18083683,1468395004,低
6506,其他,其他,19,0.53,70.89,163265,3118361,中
6494,其他,其他,19,8.89,58.54,419103,24643256,低
3558,其他,其他,19,9.79,65.42,685500,88429500,中
3556,其他,其他,19,8.72,62.5,414292,23241780,低
3563,其他,其他,19,-0.11,53.41,2522410,2249989720,低
4729,其他,其他,19,1.69,67.34,1280060,30721440,中
4744,其他,其他,19,1.34,64.86,197234,6735541,低
4747,其他,其他,19,-1.4,57.14,76763,4337109,低
6136,其他,其他,19,2.81,57.29,409216,10475929,低
4807,其他,其他,19,2.14,62.77,212001,5056223,低
2436,其他,其他,19,8.77,56.95,12132852,947575722,低
3043,其他,其他,19,7.4,60.92,282450,5945572,低
6113,其他,其他,19,8.91,62.59,557144,14987173,低
4908,其他,1.6T,19,5.06,57.19,4658995,1209009202,低
3294,其他,其他,19,-1.73,74.21,2269468,90324824,中
6573,其他,其他,19,-4.96,54.0,364299,4881606,低
6844,其他,其他,19,-0.91,67.86,31379,2052186,中
6757,其他,其他,19,5.63,62.42,1204213,65509189,低
4987,其他,其他,19,0.12,66.67,0,0,中
5515,其他,其他,19,2.26,57.5,542120,22064284,低
2420,其他,其他,19,6.11,71.34,926894,57930875,中
6584,其他,其他,19,9.55,44.89,735626,506110688,低
6606,其他,其他,19,1.41,65.62,106000,2665899,中
5543,其他,其他,19,5.01,60.98,17000,516799,低
5289,其他,其他,19,1.49,57.31,4145924,7048070800,低
5227,其他,儲能,19,-3.71,72.51,236983,5841630,中
5410,其他,其他,19,1.32,65.29,767155,29420393,中
5210,其他,其他,19,0.18,47.8,564407,15380090,低
5353,其他,其他,19,4.65,59.18,131530,3551310,低
5347,其他,晶圓代工,19,4.4,37.42,32348400,5369834400,低
5511,其他,其他,19,-0.14,56.94,208663,15023736,低
5309,其他,其他,19,1.18,62.7,14971893,1025574670,低
5464,其他,其他,19,5.33,78.84,422761,30058306,高
3231,其他,ODM代工,19,9.96,58.54,68843252,10257644548,低
3438,其他,其他,19,9.96,59.26,1269426,93937524,低
2330,半導體,2奈米,19,5.26,48.91,34742201,79907062300,低
6691,其他,其他,19,3.69,52.41,611859,395260914,低
3227,其他,其他,19,1.34,57.04,2895710,655878315,低
6706,其他,其他,19,3.16,48.19,12974827,2328981446,低
2355,其他,其他,19,5.92,64.27,29378068,1839067011,低
2397,其他,其他,19,4.49,59.74,586123,36867137,低
3257,其他,其他,19,6.19,58.32,1187698,64610773,低
6642,其他,其他,19,-0.12,71.8,1095036,91545007,中
8932,其他,其他,19,1.11,64.21,3080010,308001000,低
8249,其他,其他,19,0.57,56.59,1869920,99105760,低
8299,其他,DRAM,19,9.49,52.57,10459794,25940289120,低
1533,其他,其他,19,1.71,77.78,596514,23055267,高
8213,其他,其他,19,6.46,59.53,1627631,64372804,低
2883,其他,金融,19,3.24,48.42,108615064,2422115844,低
8342,其他,其他,19,0.33,64.44,2000,183000,低
6237,其他,其他,19,5.25,71.11,1866142,95359853,中
3715,其他,其他,19,4.99,37.41,16524143,2957821597,低
8104,其他,其他,19,4.82,54.71,1272288,45675141,低
1762,其他,其他,19,2.45,60.88,543340,21570598,低
8150,其他,其他,19,5.47,52.55,50921726,4420005972,低
8354,其他,其他,19,2.74,61.74,108160,1822496,低
8147,其他,其他,18,-3.84,58.37,1543913,270956731,低
1721,其他,其他,18,7.68,50.37,7602747,229222819,低
3229,其他,其他,18,18.18,50.9,1026574,44707296,低
6664,其他,其他,18,15.8,49.89,1483665,674325742,低
6679,其他,其他,18,5.1,57.96,711787,234889710,低
1608,其他,電纜,18,6.83,45.26,3216295,108228331,低
6269,其他,其他,18,15.54,43.01,4750024,307326538,低
3713,其他,其他,18,20.0,65.0,466003,7269646,低
6456,其他,其他,18,11.01,42.76,17515508,1306656870,低
2014,其他,鋼鐵,18,5.88,47.83,8430805,151754490,低
3526,其他,其他,18,4.64,47.18,750893,279332196,低
8021,其他,其他,18,15.86,54.67,8698772,4036230208,低
2645,其他,觀光,18,5.9,52.63,1850343,298830394,低
8454,其他,其他,18,-1.83,57.03,708878,133269064,低
3169,其他,其他,18,4.85,60.22,1176926,140054194,低
2352,其他,其他,18,5.76,64.97,8050448,221789836,低
4977,其他,其他,18,10.29,49.52,6102685,1406668892,低
6609,其他,工具機,18,12.48,57.37,1311288,60843765,低
2402,其他,其他,18,10.99,47.03,12472809,856881940,低
4741,其他,其他,18,17.01,50.35,908364,56863585,低
3430,其他,其他,18,2.52,56.99,1619079,263100337,低
2413,其他,其他,18,0.51,63.47,2941359,145744336,低
3518,其他,其他,18,14.53,52.49,2588694,96946592,低
6021,其他,其他,18,12.22,50.0,630249,21995691,低
2434,其他,其他,18,11.78,54.86,267901,8894313,低
2426,其他,其他,18,12.92,54.19,19354484,1505778914,低
3024,其他,其他,18,-9.83,63.8,7518488,120671726,低
6026,其他,其他,18,9.3,46.38,8371857,137717054,低
3708,其他,能源,18,7.3,48.57,990436,123804500,低
6208,其他,其他,18,-0.85,59.83,1637543,152291499,低
1604,其他,其他,17,1.08,75.0,437318,10211375,中
8908,其他,其他,17,0.12,80.77,284921,11596284,高
3005,其他,其他,17,3.92,61.28,4499592,465707772,低
6152,其他,其他,17,0.32,59.76,2816424,44077034,低
4532,其他,其他,17,1.27,67.24,1172475,28080777,中
3010,其他,其他,17,12.0,53.61,1735590,242982600,低
6530,其他,其他,17,11.88,49.18,2033748,229813524,低
5520,其他,其他,17,0.24,80.77,26202,2153804,高
2367,其他,其他,17,4.84,60.14,40048888,2687280323,低
6804,其他,其他,17,5.54,66.67,18301,296476,中
2609,航運,海運,17,4.57,58.33,32792946,1724908909,低
4153,其他,其他,17,-0.16,57.14,38676,1187353,低
3717,其他,其他,16,2.23,55.62,4266415,97914227,低
1723,其他,其他,16,1.63,59.2,714476,57872556,低
1418,其他,其他,16,5.03,48.72,139635,2625137,低
1423,其他,其他,16,1.72,53.78,43216,1793464,低
1726,其他,其他,16,0.13,60.47,46137,3547935,低
1527,其他,其他,16,0.46,54.72,820641,26834961,低
3516,其他,其他,16,2.17,63.79,150062,3526457,低
4754,其他,其他,16,0.26,64.29,22443,855078,低
4935,其他,其他,16,3.04,40.48,184100,6857725,低
3379,其他,其他,16,0.37,56.32,609094,24790126,低
6861,其他,其他,16,-7.25,54.45,1953425,824345350,低
2337,其他,光通訊,16,10.28,45.16,242364279,37687645384,低
2354,其他,其他,16,3.83,36.96,11035714,658832134,低
5443,其他,其他,16,8.58,51.33,5336584,675077876,低
4974,其他,其他,16,2.85,62.82,444000,33655201,低
4989,其他,其他,16,9.94,41.59,13135090,1306941455,低
5203,其他,其他,16,0.15,32.31,373131,24216202,低
3321,其他,其他,16,9.24,52.94,624109,10329003,低
6830,其他,其他,16,6.78,29.83,1682695,1324280965,低
6261,其他,其他,16,3.06,33.68,4138121,488298278,低
5356,其他,其他,16,2.27,48.84,51734,1396818,低
5291,其他,其他,16,2.65,62.24,1017609,74896020,低
2362,其他,其他,16,5.8,56.32,1376124,56489889,低
2328,其他,其他,16,6.53,50.5,9401950,505824902,低
2374,其他,AI安控,16,2.54,52.56,9623905,777611553,低
6612,其他,其他,16,-2.16,59.17,63612,4611870,低
3363,其他,高速光通訊,16,9.01,53.09,3859590,3269072730,低
6242,其他,其他,16,1.47,52.83,24573,935002,低
1537,其他,其他,16,0.8,63.16,118353,14853301,低
6243,其他,其他,16,4.21,54.18,747316,26828645,低
6126,其他,其他,16,3.08,62.57,2287446,80289351,低
3044,其他,其他,16,5.33,52.41,4418116,2182549304,低
4771,其他,其他,16,3.75,59.3,237322,45921807,低
4924,其他,其他,16,2.68,58.54,225479,2593008,低
4934,其他,其他,16,6.25,51.59,2051194,36613813,低
4581,其他,其他,16,2.34,54.67,36000,1814400,低
4584,其他,其他,16,2.74,57.79,22000,948199,低
4735,其他,其他,16,0.49,59.68,32622,1008019,低
2459,其他,其他,16,1.67,54.35,299379,20058393,低
6498,其他,其他,16,-1.43,60.24,210471,21783748,低
2405,其他,其他,16,5.81,61.54,2407752,39487131,低
6533,其他,ASIC伺服器,16,9.4,50.52,1284383,314031643,低
2412,其他,其他,16,-1.44,54.05,15600125,2137217125,低
6859,其他,其他,16,3.4,48.28,129303,15710314,低
3207,其他,其他,16,11.36,58.44,1431215,92599606,低
3178,其他,其他,16,8.69,53.95,242493,17289751,低
6574,其他,其他,16,-0.43,50.39,60110,7032870,低
5538,其他,其他,16,2.53,61.17,26000,895700,低
5609,其他,其他,16,0.25,55.77,205812,16506121,低
3057,其他,其他,16,5.82,48.7,360266,7205320,低
6916,其他,其他,16,8.85,47.37,63136,1164859,低
1904,其他,其他,16,2.72,60.8,1474226,27862870,低
4510,其他,工具機,16,4.31,53.73,6702484,324735354,低
3054,其他,其他,16,2.68,54.38,351125,24227625,低
6195,其他,其他,16,-0.19,61.76,47608,1242568,低
3015,其他,零組件,16,6.01,52.25,690787,35920924,低
2236,其他,其他,16,8.43,57.3,419522,59362363,低
6154,其他,其他,16,1.14,60.61,24260,323871,低
4561,其他,其他,16,2.31,53.73,1803035,87988106,低
6160,其他,其他,16,0.62,56.04,174380,2816236,低
3147,其他,其他,16,3.36,60.26,315747,58255321,低
6101,其他,其他,16,4.91,54.94,185043,7512745,低
8077,其他,其他,16,7.19,64.2,1000,44000,低
4111,其他,其他,16,-1.15,44.44,132664,3979920,低
4569,其他,其他,16,3.23,57.14,182197,34981824,低
3535,其他,其他,16,8.33,36.97,4056663,527366190,低
6982,其他,其他,16,7.18,59.81,111029,6128800,低
6944,其他,其他,16,0.76,47.2,541628,504255668,低
1817,其他,其他,16,-0.76,56.12,32947,1291522,低
1776,其他,其他,16,1.4,56.67,132727,2408994,低
3038,其他,其他,16,4.91,53.09,829530,19493955,低
2834,其他,其他,16,0.62,50.0,32873914,530913698,低
3705,其他,其他,16,-0.18,64.29,170999,9541744,低
2849,其他,其他,16,4.94,46.81,174113,2402759,低
8046,其他,ABF載板,16,11.76,39.36,28746510,25411914840,低
8048,其他,其他,16,4.78,53.16,349522,22229598,低
8071,其他,其他,16,-0.76,61.27,990558,19315881,低
8054,其他,其他,16,0.94,50.77,3006188,323165210,低
4198,其他,其他,16,4.19,49.52,9120,362975,低
4305,其他,其他,16,-0.34,52.94,18003,793932,低
3570,其他,其他,16,-0.29,63.27,33842,5786982,低
3597,其他,其他,16,2.57,64.2,207159,5790094,低
6210,其他,其他,16,0.71,62.07,17754,376384,低
2486,其他,雲端,16,6.98,49.24,10087698,2784204648,低
2483,其他,其他,16,8.55,59.66,1136095,28856812,低
2488,其他,其他,16,1.92,60.61,167684,8904020,低
2612,其他,其他,16,5.11,44.44,1140090,65669182,低
2618,其他,其他,16,1.46,44.74,67312823,2342486189,低
8921,其他,其他,16,0.0,45.16,1000,18500,低
2603,航運,海運,16,-0.47,48.18,33933427,7176919810,低
8935,其他,其他,16,0.76,60.64,515180,10200563,低
8383,其他,其他,16,9.65,37.83,1545799,93057100,低
1465,其他,其他,16,2.5,50.0,87343,1074318,低
8996,其他,其他,16,8.61,45.23,3882571,4406718085,低
6244,其他,其他,15,3.71,44.69,6781115,199025727,低
2417,其他,其他,15,5.8,45.93,2488028,124899007,低
2923,其他,其他,15,16.55,38.75,97690,2339675,低
2243,其他,其他,15,13.64,37.79,493050,11709937,低
4721,其他,其他,15,8.0,45.27,1131437,102281906,低
3709,其他,其他,15,3.48,52.37,3203525,276464217,低
8131,其他,其他,15,3.16,43.51,4391809,286785141,低
3594,其他,其他,15,10.42,44.86,816575,43686762,低
4533,其他,其他,15,0.95,52.38,5448624,174355968,低
3523,其他,其他,15,32.13,55.28,24746,326647,低
6715,其他,其他,15,-12.64,52.88,512572,235526834,低
4968,其他,其他,15,8.56,49.12,1358798,163735159,低
3437,其他,其他,15,8.23,36.76,4185862,107367358,低
3234,其他,其他,15,6.7,50.9,2087410,216046935,低
2392,其他,其他,15,5.62,39.64,3195688,120157863,低
3362,其他,其他,15,-0.88,54.55,1285737,144645412,低
2365,其他,其他,15,6.26,53.58,6142765,229432263,低
5223,其他,其他,14,6.47,59.76,60100,1532550,低
5015,其他,其他,14,9.09,58.93,77845,1868280,低
6180,其他,其他,14,1.78,55.81,874600,34940270,低
8422,其他,其他,14,7.2,43.33,12419952,342169668,低
6431,其他,其他,14,-0.72,59.7,154000,3187800,低
3017,其他,AI電源,14,6.85,43.56,5225310,13455173250,低
2496,其他,其他,14,1.09,55.56,23251,1511315,低
3609,其他,其他,14,-6.71,67.72,293564,7955584,中
3050,其他,其他,14,6.69,58.0,1571056,20030964,低
3047,其他,其他,14,6.51,56.98,2530033,39342013,低
8110,其他,其他,14,1.31,51.58,12779511,640253481,低
5306,其他,其他,14,-0.6,59.5,174275,14464825,低
5016,其他,其他,14,5.24,55.24,159683,4167726,低
5205,其他,其他,14,7.43,62.4,1000,23850,低
2314,其他,其他,14,6.85,67.79,729824,11385254,中
4609,其他,其他,14,-5.45,57.43,42000,218399,低
2002,其他,鋼鐵,14,5.52,53.42,96944022,1851630857,低
4108,其他,其他,14,8.66,57.14,573380,7195919,低
5438,其他,其他,14,4.32,39.73,627668,12113991,低
5381,其他,其他,14,5.86,61.9,1310568,34336882,低
6776,其他,其他,14,2.98,57.89,444275,26078942,低
5245,其他,其他,13,-2.09,44.83,153556,3961744,低
5276,其他,其他,13,6.7,43.65,51251,1019894,低
4942,其他,其他,13,2.71,50.94,168000,6375600,低
6811,其他,其他,13,2.19,47.06,229101,48111210,低
3324,其他,水冷,13,10.22,43.19,2860677,2960800695,低
6203,其他,其他,13,2.61,49.3,260007,18408496,低
6279,其他,其他,13,-0.85,31.71,641026,74679529,低
8234,其他,其他,13,8.85,46.32,1162287,82871066,低
2739,其他,其他,13,0.43,49.38,92441,3207702,低
3632,其他,其他,13,15.3,54.44,84278,736589,低
1529,其他,其他,13,10.32,46.55,2027016,45506510,低
6270,其他,其他,13,2.87,41.75,508531,13679483,低
2497,其他,其他,13,3.21,39.17,357145,20678696,低
6118,其他,其他,13,2.87,51.37,549596,9865248,低
6465,其他,其他,13,4.73,52.15,520403,26488513,低
3049,其他,其他,13,5.81,45.35,8887377,113314056,低
3176,其他,其他,13,-6.98,54.09,1197440,41491297,低
6164,其他,其他,13,6.81,41.18,692834,8695066,低
6150,其他,其他,13,1.21,40.58,1261726,84283300,低
2838,其他,其他,13,2.24,48.78,1663027,34092053,低
3022,其他,其他,13,8.73,46.07,1040410,76470135,低
6217,其他,其他,13,15.48,49.19,1108401,305918676,低
6996,其他,其他,13,-0.26,51.94,185475,35518462,低
4554,其他,其他,13,-0.32,53.88,27976,863059,低
6922,其他,其他,13,2.19,45.9,190402,35605174,低
3680,其他,其他,13,10.08,45.6,4130877,2300898489,低
4763,其他,其他,13,3.49,47.62,6828498,293966833,低
3290,其他,其他,13,2.36,52.07,968286,46138829,低
4580,其他,其他,13,1.1,54.24,99835,8226404,低
3531,其他,其他,13,-0.86,54.55,12010,278031,低
3533,其他,其他,13,11.18,53.31,1201796,3106642660,低
3550,其他,其他,13,4.62,37.01,2896211,62268536,低
6933,其他,其他,13,4.05,46.48,239018,39916006,低
2025,其他,其他,13,3.86,51.46,355177,4297641,低
4549,其他,其他,13,2.99,40.51,238789,24714661,低
3679,其他,其他,13,2.58,47.62,67245,8035777,低
3686,其他,其他,13,6.12,52.43,488649,8893412,低
8109,其他,其他,13,-3.95,49.15,349800,42500700,低
1341,其他,其他,13,1.31,50.0,4244,262279,低
3567,其他,其他,13,6.42,45.99,146729,4255141,低
3665,其他,其他,13,17.78,35.67,1915270,4567918950,低
8092,其他,其他,13,-2.23,47.17,138368,2421440,低
3669,其他,其他,13,5.84,31.88,283000,11022850,低
5490,其他,其他,13,1.23,52.58,437701,12583903,低
5263,其他,其他,13,-3.17,54.84,320669,34311583,低
5244,其他,其他,13,6.45,42.08,706020,28558509,低
3354,其他,其他,13,2.36,44.18,1692298,54999685,低
6597,其他,其他,13,-1.36,52.12,9629,700991,低
6690,其他,網安,13,1.8,51.85,62439,10583410,低
2364,其他,其他,13,1.97,54.85,223979,15073787,低
6577,其他,其他,13,1.78,40.68,45456,3631934,低
5498,其他,其他,13,12.23,41.62,7753005,533406767,低
3093,其他,其他,12,14.44,37.13,2520798,137887652,低
8072,其他,其他,11,4.44,47.12,580834,16379519,低
4154,其他,其他,11,-8.01,60.77,22000,290399,低
6904,其他,其他,11,3.54,62.5,2000,234000,低
1315,其他,其他,11,2.65,54.39,128895,7991490,低
3060,其他,其他,11,7.61,53.15,3123292,90575468,低
6560,其他,其他,11,4.55,53.51,81140,3172573,低
8446,其他,其他,11,0.47,52.05,114895,9823522,低
3622,其他,其他,11,4.63,51.64,559400,31606100,低
8415,其他,其他,11,-4.39,58.88,556112,19380502,低
6527,其他,其他,11,0.57,49.04,35445,2495328,低
4430,其他,其他,11,1.48,51.22,79955,1367230,低
3605,其他,其他,11,6.05,26.13,4280733,345027073,低
5529,其他,其他,11,-10.76,55.83,90687,2067663,低
6499,其他,其他,11,-7.3,62.65,483864,42386485,低
3027,其他,其他,11,7.98,48.54,955347,18103826,低
6477,其他,太陽能,11,2.35,48.66,824412,28771980,低
2504,其他,其他,11,0.58,48.98,1985167,69381588,低
6441,其他,其他,11,6.04,33.33,854324,21742546,低
6187,其他,CoWoS,11,4.15,50.0,3059786,3457558180,低
3162,其他,其他,11,-1.76,30.48,8290508,693086456,低
3045,其他,其他,11,-2.19,53.57,14606395,1628613042,低
6561,其他,其他,11,-0.99,62.14,140923,49534434,低
2704,其他,其他,11,0.96,51.72,225902,9521769,低
2905,其他,其他,11,1.5,51.28,558641,7569585,低
1446,其他,其他,11,1.62,48.78,203798,3199628,低
2886,其他,金融,11,-2.11,47.92,29262101,1154389906,低
8271,其他,其他,11,-2.97,48.44,3792468,868475172,低
1539,其他,其他,11,1.94,50.0,74440,1176152,低
1532,其他,其他,11,1.22,50.0,800971,16660196,低
8341,其他,其他,11,-0.53,63.46,240854,18232647,低
6225,其他,其他,11,-21.01,55.73,24110,602750,低
2707,其他,其他,11,0.0,59.38,174288,30151824,低
6241,其他,其他,11,-5.61,53.42,283073,2859037,低
6272,其他,其他,11,2.33,53.61,496052,16369716,低
6213,其他,其他,11,8.98,43.7,14954630,3992886210,低
6191,其他,其他,11,8.41,44.51,5657531,554438038,低
3492,其他,其他,11,3.4,48.15,144368,3291590,低
3226,其他,其他,11,4.4,53.44,12274,509371,低
1339,其他,其他,11,0.87,52.0,65187,2659629,低
1443,其他,其他,11,-5.1,43.43,31001,778125,低
1710,其他,其他,11,0.0,57.14,3202116,41467401,低
1711,其他,其他,11,8.97,23.3,18274671,932008221,低
2009,其他,其他,11,4.47,51.56,1725954,68520375,低
2017,其他,其他,11,4.58,51.57,812669,7240880,低
4967,其他,NAND,11,-2.51,37.93,5356869,1454389933,低
3434,其他,其他,11,2.65,48.98,87955,2550695,低
6768,其他,其他,11,-0.47,58.63,405005,34020420,低
6789,其他,其他,11,3.64,42.97,4675359,2660279271,低
6856,其他,其他,11,-0.39,50.39,6007,306357,低
6683,其他,其他,11,0.0,32.26,1514523,2695850940,低
2323,其他,其他,11,9.93,42.17,8294859,85437049,低
3432,其他,其他,11,1.27,30.99,280606,5584059,低
4960,其他,其他,11,7.46,35.59,16626936,598569696,低
3494,其他,其他,11,8.46,44.97,324430,2621394,低
6721,其他,其他,11,0.51,61.9,7458,438530,低
6615,其他,其他,11,1.08,53.23,31587,1037632,低
5493,其他,其他,11,-0.44,56.5,356829,32185974,低
5371,其他,其他,11,1.42,45.77,4342705,310503407,低
5439,其他,其他,11,5.76,43.26,2996691,1155224380,低
6578,其他,其他,11,-2.35,62.28,92101,1533481,低
6605,其他,其他,11,-0.38,50.0,443350,57413825,低
3289,其他,其他,11,5.61,39.56,2135577,361980301,低
6620,其他,其他,11,-4.08,57.64,421927,30758478,低
3260,其他,HBM,11,1.73,34.39,19498865,8043281812,低
2387,其他,其他,11,4.81,42.7,1016653,41021946,低
2388,其他,其他,11,-7.1,50.37,12909879,979859835,低
6625,其他,其他,11,2.79,53.03,215060,15849921,低
4994,其他,其他,11,3.82,48.6,32105,3056395,低
3306,其他,其他,11,4.01,42.47,269276,12561725,低
4566,其他,其他,11,4.36,34.65,1357206,87675505,低
4529,其他,其他,11,-15.62,57.42,154001,790025,低
4175,其他,其他,11,1.69,50.0,55333,2987982,低
3455,其他,其他,11,-10.04,42.74,3348912,855647016,低
2029,其他,其他,11,0.49,55.77,293343,5998864,低
3529,其他,其他,11,-2.66,21.34,1445004,4761288180,低
4552,其他,其他,11,1.01,52.0,294000,5880000,低
4438,其他,其他,11,0.7,51.54,62050,3592695,低
4441,其他,其他,11,-1.22,58.12,99580,20115160,低
8024,其他,其他,11,4.53,55.56,82026,1041730,低
1903,其他,其他,11,3.36,48.23,424995,20931003,低
2007,其他,其他,11,7.36,51.92,581062,4323101,低
4440,其他,其他,11,-3.01,50.6,167025,2964693,低
6231,其他,其他,10,6.83,30.34,854728,253854216,低
6141,其他,其他,10,4.67,41.14,3433058,111574385,低
4971,其他,其他,10,6.29,49.44,288737,214820328,低
6104,其他,其他,10,2.38,44.0,2290461,226755639,低
2006,其他,其他,10,2.45,46.32,2369609,158526845,低
3555,其他,其他,10,14.36,43.62,416247,92823081,低
4583,其他,其他,10,-4.44,42.74,178048,130153088,低
4951,其他,其他,10,1.22,45.56,2281671,284068039,低
5392,其他,其他,10,0.0,48.64,3663161,151471701,低
5469,其他,其他,10,6.23,46.94,3014034,251671839,低
2331,其他,其他,10,10.19,49.66,4006860,82340969,低
3228,其他,其他,10,6.31,34.01,1094713,230437086,低
8070,其他,其他,10,6.43,36.59,3297543,152841113,低
3693,其他,其他,10,16.47,38.31,1214003,712619761,低
8103,其他,其他,10,5.39,31.71,2044980,219835350,低
2105,其他,輪胎,10,-1.56,44.44,8985121,283480560,低
1515,其他,重電,9,-0.23,49.66,1062135,23313864,低
6281,其他,其他,9,-0.59,57.82,200561,10088218,低
1476,其他,其他,9,0.15,47.5,3134285,1037448335,低
1215,其他,其他,9,-8.8,36.07,6865670,889104265,低
