代號,名稱,產業,族群,分數,5日漲幅,RSI,成交量,成交值,收盤價,風險
3711,日月光投控,封測,CoWoS|封測|封裝測試,30,22.94,67.4,34951267,21914444409,627.0,中
2454,聯發科,IC設計,CoWoS,28,24.23,63.13,16374555,72211787550,4410.0,低
6147,頎邦,封測,封測,27,24.94,81.75,97511620,27108230360,278.0,高
6488,環球晶,矽晶圓,矽晶圓|第三代半導體,27,32.24,60.4,21698061,20114102547,927.0,低
2344,華邦電,記憶體,記憶體,27,26.32,68.32,359104176,51711001344,144.0,中
6531,愛普*,其他,半導體設備,27,25.0,64.32,14729068,16128329460,1095.0,低
3131,弘塑,其他,半導體設備,27,34.63,69.15,1907365,6933271775,3635.0,中
2408,南亞科,記憶體,記憶體,27,10.58,61.79,226431919,73363941756,324.0,低
3006,晶豪科,記憶體,記憶體,27,9.23,65.76,29191533,7078946752,242.5,中
8255,朋程,二極體,二極體|機器人|汽車零組件|車用電子,27,19.42,80.95,6521666,1203247377,184.5,高
6239,力成,封測擴充,封裝測試,27,38.83,85.56,83774840,29949505300,357.5,高
6770,力積電,晶圓代工,晶圓代工,27,36.55,78.98,740236085,59737049800,80.7,高
2303,聯電,晶圓代工,晶圓代工,27,22.41,81.73,417482927,59282575634,142.0,高
3707,漢磊,其他,第三代半導體,27,8.87,64.45,55937881,4872189349,87.1,低
4906,正文,網通,網通,26,21.59,70.39,53789655,2544250640,47.3,中
1319,東陽,車用電子,汽車零組件|車用電子,26,7.99,68.0,4148427,358838935,86.5,中
6285,啟碁,網通,網通,26,8.38,69.96,30662483,9321394832,304.0,中
5425,台半,二極體,二極體,25,26.66,81.3,67446032,7722570664,114.5,高
1339,昭輝,其他,其他,25,9.93,67.57,1126843,50538906,44.85,中
1256,鮮活果汁-KY,其他,其他,25,5.32,65.71,239346,47390508,198.0,中
0056,元大高股息,其他,其他,25,7.46,71.49,62545862,3054114555,48.83,中
3026,禾伸堂,被動元件,被動元件,25,39.56,88.95,2501719,1513539995,605.0,高
3046,建碁,工業電腦,其他,25,4.41,71.11,759960,41341825,54.4,中
8477,創業家,其他,其他,25,22.32,72.76,829133,16582660,20.0,中
5321,美而快,其他,其他,25,38.42,91.15,1566287,76748063,49.0,高
5328,華容,其他,其他,25,6.04,85.27,41945073,1510022628,36.0,高
3607,谷崧,其他,其他,25,4.47,64.44,851558,12943681,15.2,低
3617,碩天,其他,其他,25,7.36,62.18,717757,151805605,211.5,低
2855,統一證,金融保險,其他,25,12.19,66.45,13666638,616365352,45.1,中
4163,鐿鈦,其他,其他,25,7.27,68.29,356938,42118684,118.0,中
5284,jpp-KY,其他,其他,25,17.65,78.09,3028415,1393070900,460.0,高
2816,旺旺保,其他,其他,25,3.72,67.35,457606,14689151,32.1,中
5864,致和證,其他,其他,25,23.37,63.79,21273349,847742925,39.85,低
4153,鈺緯,其他,其他,25,3.44,69.88,43322,1368975,31.6,中
2731,雄獅,其他,其他,25,3.44,65.79,1449569,239903669,165.5,中
6116,彩晶,其他,其他,25,43.98,83.96,325948439,5068498288,15.55,高
8277,商丞,其他,其他,25,12.18,67.3,433475,3394109,7.83,中
6020,大展證,其他,其他,25,9.11,62.35,146869,3429391,23.35,低
8261,富鼎,其他,其他,25,26.67,85.16,16646861,3162903590,190.0,高
1409,新纖,其他,其他,25,22.42,83.76,84199728,1747144356,20.75,高
8454,富邦媒,其他,其他,25,9.95,60.14,2759422,579478620,210.0,低
3067,全域,其他,其他,25,7.43,72.41,17389,326913,18.8,中
6016,康和證,其他,其他,25,20.04,75.63,33615080,905926431,26.95,高
6015,宏遠證,其他,其他,25,16.88,63.7,13247581,238456458,18.0,低
6005,群益證,金融保險,其他,25,13.92,78.53,25004902,900176472,36.0,高
5386,青雲,其他,其他,25,22.86,65.58,4184284,2405963300,575.0,中
5471,松翰,其他,其他,25,5.9,69.83,16305781,906601398,55.6,中
5464,霖宏,其他,其他,25,5.59,78.66,4504429,340084389,75.5,高
5536,聖暉*,其他,其他,25,11.41,65.38,2689491,2783623185,1035.0,中
2891,中信金,金融保險,其他,25,3.13,64.36,68974699,4090199598,59.3,低
2885,元大金,金融保險,其他,25,8.04,61.82,36984110,2185760844,59.1,低
2882,國泰金,金融保險,其他,25,7.75,64.46,61943048,5252770659,84.8,低
2881,富邦金,金融保險,其他,25,14.46,75.48,82473921,9072131310,110.0,高
8440,綠電,其他,其他,25,3.08,63.33,1790378,41894844,23.4,低
8416,實威,其他,其他,25,8.62,78.95,121376,22940064,189.0,高
8358,金居,其他,其他,25,11.04,65.81,4858509,2686755477,553.0,中
8473,山林水,其他,其他,25,12.9,87.71,4172484,191725642,45.95,高
9105,泰金寶-DR,其他,其他,25,38.6,88.77,233466235,1986797713,8.51,高
6175,立敦,其他,其他,25,25.59,93.29,16959290,1814644030,107.0,高
8289,泰藝,其他,其他,25,24.51,87.05,13617319,1030831006,75.7,高
3624,光頡,被動元件,被動元件,25,9.29,96.17,6961430,696143000,100.0,高
3556,禾瑞亞,其他,其他,25,13.15,71.36,3766929,230159356,61.1,中
3558,神準,其他,其他,25,17.92,72.52,2253496,318869684,141.5,中
3564,其陽,其他,其他,25,14.64,74.58,834327,40172846,48.15,中
3577,泓格,其他,其他,25,21.51,83.26,2525324,406577164,161.0,高
8110,華東,其他,其他,25,31.77,75.23,114610093,7105825766,62.0,高
6187,萬潤,其他,其他,25,13.76,63.49,4384720,5437052800,1240.0,低
6127,九豪,其他,其他,25,15.47,77.0,43685938,2673579438,61.2,高
6143,振曜,其他,其他,25,5.62,69.39,2725329,276620893,101.5,中
6146,耕興,其他,其他,25,3.17,63.51,2096250,476896875,227.5,低
5228,鈺鎧,其他,其他,25,20.38,81.72,592894,37470901,63.2,高
6196,帆宣,其他,其他,25,15.48,72.16,3669245,1819945520,496.0,中
6204,艾華,其他,其他,25,8.03,73.39,1291022,118128513,91.5,中
6173,信昌電,其他,其他,25,25.43,80.95,2127229,466926765,219.5,高
1455,集盛,其他,其他,25,5.26,71.2,2100924,18088954,8.61,中
8163,達方,其他,其他,25,3.38,78.46,8099138,297643321,36.75,高
6227,茂綸,其他,其他,25,12.02,73.81,4796879,625992709,130.5,中
8162,微矽電子-創,其他,其他,25,39.24,80.55,1620134,124750318,77.0,高
6220,岳豐,其他,其他,25,7.83,67.86,2251423,74409528,33.05,中
2495,普安,其他,其他,25,16.48,71.75,25760705,1219769342,47.35,中
2493,揚博,其他,其他,25,20.3,71.43,9545880,1555978440,163.0,中
6224,聚鼎,其他,其他,25,6.35,62.44,4860248,431103982,88.7,低
3141,晶宏,其他,其他,25,15.01,86.68,9425560,772895920,82.0,高
3135,凌航,其他,其他,25,27.88,75.52,3634861,908715250,250.0,高
2535,達欣工,其他,其他,25,4.74,70.87,884342,70305189,79.5,中
2527,宏璟,其他,其他,25,10.19,65.22,736586,27069535,36.75,中
1524,耿鼎,其他,其他,25,8.69,69.44,5396441,172146465,31.9,中
6190,萬泰科,其他,其他,25,8.73,65.15,19180417,1647597849,85.9,中
3152,璟德,其他,其他,25,14.53,64.38,3441614,677997958,197.0,低
6155,鈞寶,其他,其他,25,8.59,70.25,12192676,786427602,64.5,中
6272,驊陞,其他,其他,25,6.71,65.5,488741,16714942,34.2,中
3191,雲嘉南,其他,其他,25,55.16,94.09,860935,20705486,24.05,高
3206,志豐,其他,其他,25,6.08,67.81,1117650,44817763,40.1,中
6291,沛亨,其他,其他,25,32.93,72.57,7227977,4727096958,654.0,中
6290,良維,其他,其他,25,23.3,72.62,13619704,4576220544,336.0,中
2438,翔耀,其他,其他,25,26.36,74.76,1891426,52581641,27.8,中
2434,統懋,其他,其他,25,24.15,72.86,626418,22864257,36.5,中
2481,強茂,二極體,二極體,25,11.7,87.6,86411556,12788910288,148.0,高
2426,鼎元,其他,其他,25,7.0,66.1,37886916,3065051562,80.9,中
2423,固緯,其他,其他,25,13.37,74.06,557738,47296184,84.8,中
2420,新巨,其他,其他,25,3.2,74.46,1507075,97206337,64.5,中
1568,倉佑,其他,其他,25,49.24,89.51,1656472,68329470,41.25,高
1563,巧新,其他,其他,25,33.7,94.33,4813852,294126349,61.1,高
8077,洛碁,其他,其他,25,4.35,73.58,9272,433466,46.75,中
1530,亞崴,其他,其他,25,28.78,98.0,2301982,82410953,35.8,高
2428,興勤,其他,其他,25,27.17,94.74,2871179,839819857,292.5,高
6415,矽力*-KY,其他,其他,25,11.31,72.28,11804928,7319055360,620.0,中
6411,晶焱,其他,其他,25,17.34,86.97,8895233,987370863,111.0,高
6405,悅城,其他,其他,25,34.68,63.1,8780337,675207928,76.9,低
6292,迅德,其他,其他,25,28.41,78.77,2912696,200102206,68.7,高
6446,藥華藥,其他,其他,25,8.02,74.64,3005431,2590681522,862.0,中
6435,大中,其他,其他,25,20.61,70.52,1934111,537682858,278.0,中
6432,今展科,其他,其他,25,23.02,85.25,10238813,716716910,70.0,高
4974,亞泰,其他,其他,25,3.6,72.63,1047463,81492624,77.8,中
2484,希華,其他,其他,25,23.08,71.34,43139769,2381315281,55.2,中
6259,百徽,其他,其他,25,9.31,63.53,1457538,39353526,27.0,低
4433,興采,其他,其他,25,5.12,70.0,91582,1973592,21.55,中
4527,方土霖,其他,其他,25,3.32,77.92,132488,5975208,45.1,高
8104,錸寶,其他,其他,25,18.7,75.71,5229173,214134638,40.95,高
1521,大億,其他,其他,25,11.13,67.52,204831,5520195,26.95,中
8182,加高,其他,其他,25,26.33,66.88,11329327,538143032,47.5,中
6197,佳必琪,其他,其他,25,18.7,82.0,8114375,2292310937,282.5,高
8028,昇陽半導體,其他,其他,25,25.05,81.09,20088455,6719588197,334.5,高
4545,銘鈺,其他,其他,25,21.73,77.92,1908910,73779374,38.65,高
4549,桓達,其他,其他,25,11.27,67.86,1858090,210893215,113.5,中
2390,云辰,其他,其他,25,3.9,72.62,2014566,21455127,10.65,中
3221,台嘉碩,其他,其他,25,17.35,73.51,21227640,1277903944,60.2,中
3257,虹冠電,其他,其他,25,22.16,85.28,5119644,335848638,65.6,高
4966,譜瑞-KY,其他,其他,25,7.1,70.47,3204130,2707489850,845.0,中
4973,廣穎,其他,其他,25,41.2,81.15,8786945,1340009112,152.5,高
3287,廣寰科,其他,其他,25,21.14,82.77,4782183,182201165,38.1,高
3285,微端,其他,其他,25,9.46,66.95,222755,6961093,31.25,中
6548,長科*,其他,其他,25,29.18,78.51,30628837,2033754823,66.4,高
4939,亞電,其他,其他,25,20.76,65.4,19809665,910254121,45.95,中
1710,東聯,其他,其他,25,3.05,65.56,7268090,98119215,13.5,中
2360,致茂,測試設備,其他,25,13.22,63.93,3957564,10170939480,2570.0,低
2369,菱生,其他,其他,25,32.5,79.67,54764694,2176896586,39.75,高
2375,凱美,其他,其他,25,31.84,91.68,30036507,4850895880,161.5,高
2338,光罩,其他,其他,25,5.87,61.83,15660950,875447128,55.9,低
3523,迎輝,其他,其他,25,45.0,62.59,49058,711341,14.5,低
2312,金寶,其他,其他,25,25.25,73.72,161206692,6077492411,37.7,中
2332,友訊,其他,其他,25,9.59,76.62,15141999,242271984,16.0,高
2302,麗正,其他,其他,25,35.23,86.29,16538633,590429210,35.7,高
2301,光寶科,其他,其他,25,12.71,60.64,54535143,12570350461,230.5,低
2241,艾姆勒,其他,其他,25,3.66,75.75,10959205,419189591,38.25,高
2305,全友,其他,其他,25,31.07,81.03,16956264,393385337,23.2,高
2239,英利-KY,其他,其他,25,8.89,75.56,187422,4591839,24.5,高
2235,謚源,其他,其他,25,6.15,68.81,15024,480016,31.95,中
6573,虹揚-KY,其他,其他,25,12.93,65.69,1341609,19922894,14.85,中
6579,研揚,其他,其他,25,11.15,75.18,1432429,242796715,169.5,高
6899,創為精密,其他,其他,25,6.24,69.72,659548,42672753,64.7,中
1709,和益,其他,其他,25,6.52,65.57,1357898,26614801,19.6,中
2356,英業達,其他,其他,25,18.11,75.86,136095687,8696514606,63.9,高
1583,程泰,其他,其他,25,24.63,77.45,580986,34103878,58.7,高
4923,力士,其他,其他,25,26.23,80.6,5905581,288487622,48.85,高
3485,敘豐,其他,其他,25,41.08,66.13,1495292,508399280,340.0,中
3492,長盛,其他,其他,25,5.36,62.69,342086,8073229,23.6,低
3321,同泰,其他,其他,25,27.12,71.22,2183627,42471546,19.45,中
6617,共信-KY,其他,其他,25,9.62,63.5,820280,58896106,71.8,低
3311,閎暉,其他,其他,25,11.47,69.57,4380122,159655450,36.45,中
6654,天正國際,其他,其他,25,44.33,91.86,524949,73492860,140.0,高
6642,富致,其他,其他,25,5.39,81.18,2210721,203165263,91.9,高
3380,明泰,其他,其他,25,10.4,76.25,9700287,350180345,36.1,高
3346,麗清,其他,其他,25,20.74,64.54,707625,13798687,19.5,低
4807,日成-KY,其他,其他,25,10.92,67.26,750980,19074891,25.4,中
4760,勤凱,其他,其他,25,37.26,76.54,2914809,1240251229,425.5,高
3438,類比科,其他,其他,25,6.34,61.74,1352391,97507389,72.1,低
6605,帝寶,其他,其他,25,7.25,69.81,1066241,149806860,140.5,中
6706,惠特,其他,其他,25,20.18,62.1,15473586,3133401165,202.5,低
6698,旭暉應材,其他,其他,25,13.84,63.64,2446055,88547192,36.2,低
6922,宸曜,其他,其他,25,4.95,65.98,653853,124885923,191.0,中
6924,榮惠-KY創,其他,其他,25,6.71,89.32,107792,18863600,175.0,高
6870,騰雲,其他,其他,25,17.41,89.06,527183,138649129,263.0,高
1810,和成,其他,其他,25,4.44,67.44,11407544,228150880,20.0,中
3444,利機,其他,其他,25,21.45,75.33,3861470,445999785,115.5,高
8926,台汽電,其他,其他,25,10.33,74.86,20168833,1357362522,67.3,中
6799,來頡,其他,其他,25,15.54,79.89,2543182,283564793,111.5,高
6792,詠業,其他,其他,25,12.4,82.04,743291,53888597,72.5,高
3675,德微,其他,其他,25,21.33,89.5,2015351,773894784,384.0,高
3689,湧德,其他,其他,25,9.09,61.11,12675661,1673187252,132.0,低
3652,精聯,其他,其他,25,12.23,77.64,947658,32172989,33.95,高
3632,研勤,其他,其他,25,26.36,62.27,248286,2309059,9.3,低
3713,新晶投控,其他,其他,25,20.77,71.28,914996,14365437,15.7,中
4106,雃博,其他,其他,25,3.03,78.57,412337,9813620,23.8,高
0053,元大電子,其他,其他,25,5.22,61.22,29732,6952828,233.85,低
0052,富邦科技,其他,其他,25,5.32,60.18,47922356,2846588019,59.4,低
2317,鴻海,其他,AI伺服器,23,6.26,62.26,73602016,19357330208,263.0,低
3450,聯鈞,其他,CPO,23,9.32,60.03,15632883,7519416723,481.0,低
3374,精材,封測擴充,封裝測試,22,4.29,58.17,37415974,9541073370,255.0,低
6182,合晶,矽晶圓,矽晶圓,22,42.61,87.39,17247699,1564366246,90.7,高
3532,台勝科,矽晶圓,矽晶圓,22,28.32,58.81,10897292,3160214680,290.0,低
2376,技嘉,其他,光通訊,22,6.64,59.45,17132798,5782319325,337.5,低
2337,旺宏,記憶體,記憶體,22,13.48,54.07,217138802,34742208320,160.0,低
3264,欣銓,封測,封測,22,7.53,58.27,16589652,3906863046,235.5,低
2308,台達電,其他,晶圓代工,22,17.73,58.56,11638517,27816055630,2390.0,低
8150,南茂,封測擴充,封裝測試,22,35.7,59.81,112388509,11576016427,103.0,低
2449,京元電子,封測,封測|封裝測試,22,11.89,53.21,72722904,23271329280,320.0,低
3189,景碩,其他,ABF載板,22,22.92,79.89,7985281,5437976361,681.0,高
3016,嘉晶,矽晶圓,矽晶圓|第三代半導體,22,16.45,60.0,17076833,2296834038,134.5,低
6585,鼎基,其他,電力設備,21,2.32,60.67,243763,23693762,97.2,低
1503,士電,其他,電力設備,21,14.59,59.06,24516333,5295527928,216.0,低
1513,中興電,其他,電力設備,21,7.12,60.0,30851549,5105931359,165.5,低
1514,亞力,其他,電力設備,21,6.36,53.45,22005654,2761709577,125.5,低
2049,上銀,其他,機器人,21,3.88,68.66,9707334,3766445592,388.0,中
3552,同致,車用電子,汽車零組件|車用電子,21,5.86,54.79,1358582,76080592,56.0,低
9918,欣天然,其他,其他,20,2.42,72.46,151982,6740401,44.35,中
1303,南亞,其他,其他,20,3.67,52.75,88224120,7984282860,90.5,低
8908,欣雄,其他,其他,20,0.25,80.77,333787,13618509,40.8,高
3032,偉訓,其他,其他,20,13.87,77.37,2909709,262746731,90.3,高
2949,欣新網,其他,其他,20,4.13,83.54,1653,104139,63.0,高
5410,國眾,其他,其他,20,0.91,67.69,1123798,43828122,39.0,中
1723,中碳,其他,其他,20,1.72,61.07,930496,77045071,82.8,低
3704,合勤控,其他,其他,20,9.54,87.08,8602135,390106809,45.35,高
5353,台林,其他,其他,20,3.45,60.42,111024,2992096,26.95,低
4755,三福化,其他,其他,20,7.12,61.62,1771376,266592088,150.5,低
4770,上品,其他,其他,20,10.43,65.17,1058810,268937740,254.0,中
4747,強生,其他,其他,20,-2.59,63.49,49345,2787992,56.5,低
4744,皇將,其他,其他,20,2.07,67.83,293850,10123132,34.45,中
5878,台名,其他,其他,20,1.35,62.5,13168,542521,41.2,低
5701,劍湖山,其他,其他,20,6.74,57.41,343035,1248647,3.64,低
6862,三集瑞-KY,其他,其他,20,12.05,58.71,4184335,855696507,204.5,低
6859,伯特光,其他,其他,20,5.04,54.69,326587,40823375,125.0,低
6021,美好證,其他,其他,20,10.47,52.11,761097,26904777,35.35,低
8271,宇瞻,其他,其他,20,7.73,34.44,7530341,1784690817,237.0,低
2032,新鋼,其他,其他,20,7.23,61.26,1320007,23496123,17.8,低
6680,鑫創電子,其他,其他,20,8.22,68.57,1001,57957,57.9,中
6672,騰輝電子-KY,其他,其他,20,20.45,54.55,9641145,2072846175,215.0,低
6667,信紘科,其他,其他,20,5.51,57.83,2397529,642537772,268.0,低
6108,競國,其他,其他,20,4.68,36.36,3547497,71482063,20.15,低
3027,盛達,其他,其他,20,9.37,50.5,1864130,35884502,19.25,低
6821,聯寶,其他,其他,20,25.87,89.47,4273653,307703016,72.0,高
4737,華廣,其他,其他,20,4.17,52.68,187822,11250538,59.9,低
0051,元大中型100,其他,其他,20,3.81,60.24,169512,23324852,137.6,低
5483,中美晶,其他,其他,20,12.63,56.89,31210532,5009290386,160.5,低
5478,智冠,其他,其他,20,0.5,65.49,168275,16793845,99.8,中
5465,富驊,其他,其他,20,6.78,58.46,476512,12389312,26.0,低
2883,凱基金,其他,其他,20,3.5,41.57,88712694,1964986138,22.15,低
8354,冠好,其他,其他,20,3.95,65.52,292821,5007239,17.1,中
2937,集雅社,其他,其他,20,2.21,100.0,9607,466419,48.55,高
2929,淘帝-KY,其他,其他,20,5.63,57.74,2494654,14967924,6.0,低
3066,李洲,其他,其他,20,1.69,72.0,917944,19322720,21.05,中
5299,杰力,其他,其他,20,13.33,72.87,1493830,177765770,119.0,中
5292,華懋,其他,其他,20,4.76,54.81,479151,110683881,231.0,低
5285,界霖,其他,其他,20,9.88,87.77,5972939,538161794,90.1,高
6906,現觀科,其他,其他,20,41.46,87.92,400933,43501230,108.5,高
1809,中釉,其他,其他,20,6.51,60.67,12378021,516782376,41.75,低
2114,鑫永銓,其他,其他,20,2.46,86.0,136314,12513625,91.8,高
8131,福懋科,其他,其他,20,11.25,57.6,13206454,913886576,69.2,低
2612,中航,其他,其他,20,3.79,47.62,980634,56386455,57.5,低
2637,慧洋-KY,其他,其他,20,6.68,56.77,6107387,468436564,76.7,低
6134,萬旭,其他,其他,20,6.46,48.24,3762383,123970522,32.95,低
6125,廣運,其他,其他,20,16.11,63.27,4060318,266356854,65.6,低
6141,柏承,其他,其他,20,27.06,67.29,4178294,180502303,43.2,中
2718,全心投控,其他,其他,20,-1.73,73.42,86840,3942536,45.4,中
8446,華研,其他,其他,20,0.12,66.1,185677,15893950,85.6,中
5215,科嘉-KY,其他,其他,20,5.36,75.88,288164,13586933,47.15,高
3085,新零售,其他,其他,20,5.06,54.04,59158,736517,12.45,低
5274,信驊,其他,其他,20,8.49,55.76,250860,4474088100,17835.0,低
3357,臺慶科,其他,其他,20,11.42,79.03,9925316,2808864428,283.0,高
8455,大拓-KY,其他,其他,20,2.1,80.41,127965,5592070,43.7,高
2115,六暉-KY,其他,其他,20,5.28,58.23,481392,10566554,21.95,低
6716,應廣,其他,其他,20,17.74,71.51,1187696,139554280,117.5,中
6026,福邦證,其他,其他,20,5.86,42.25,6775206,110097097,16.25,低
2606,裕民,其他,其他,20,9.08,69.03,7534881,534223074,70.9,中
2546,根基,其他,其他,20,2.96,63.64,153282,13320206,86.9,低
4706,大恭,其他,其他,20,3.23,58.18,50508,1616256,32.0,低
1713,國化,其他,其他,20,2.92,65.55,516724,25500328,49.35,中
6570,維田,其他,其他,20,22.44,73.73,694082,41159062,59.3,中
4609,唐鋒,其他,其他,20,4.0,58.14,52000,297439,5.72,低
3528,安馳,其他,其他,20,33.06,68.6,1151433,130687645,113.5,中
3317,尼克森,二極體,二極體,20,9.38,83.23,6333417,524406946,82.8,高
8291,尚茂,其他,其他,20,60.43,100.0,67668,8999844,133.0,高
6207,雷科,其他,其他,20,18.38,84.05,19409649,2038013145,105.0,高
3628,盈正,其他,其他,20,5.03,46.3,276664,18481156,66.8,低
2066,世德,其他,其他,20,2.48,71.34,213885,12362552,57.8,中
6658,聯策,其他,其他,20,23.36,64.36,2029150,439310975,216.5,低
6603,富強鑫,其他,其他,20,9.84,52.29,3015573,74032314,24.55,低
6606,建德工業,其他,其他,20,4.89,57.69,417170,10742127,25.75,低
3481,群創,面板,其他,20,14.29,71.74,1257195758,58333885089,46.4,中
2206,三陽工業,其他,其他,20,0.33,66.67,2130626,127837560,60.0,中
2243,宏旭-KY,其他,其他,20,12.95,55.61,1548522,38480772,24.85,低
2247,汎德永業,其他,其他,20,3.42,44.26,169551,35860036,211.5,低
3305,昇貿,其他,其他,20,13.67,79.86,10401025,1643361950,158.0,高
3388,崇越電,其他,其他,20,14.55,51.06,4905259,544483749,111.0,低
4916,事欣科,其他,其他,20,3.74,88.87,5978009,612745922,102.5,高
1522,堤維西,其他,其他,20,6.07,45.64,3533797,111137918,31.45,低
8183,精星,其他,其他,20,4.38,49.18,888627,28569359,32.15,低
6235,華孚,其他,其他,20,6.17,53.18,2461477,107935762,43.85,低
6223,旺矽,其他,其他,20,4.69,62.09,1073934,6352319610,5915.0,低
2497,怡利電,其他,其他,20,7.04,50.34,3507789,213273568,60.8,低
2492,華新科,其他,其他,20,46.62,94.66,5981900,2332941000,390.0,高
5210,寶碩,其他,其他,20,6.85,54.4,1998772,57664572,28.85,低
3149,正達,其他,其他,20,18.55,78.01,34037261,2283900161,67.1,高
3479,安勤,其他,其他,20,17.02,90.57,3381021,464890387,137.5,高
8096,擎亞,其他,其他,20,12.04,77.95,14058522,1701081162,121.0,高
8101,華冠,其他,其他,20,6.15,64.84,5354,73885,13.8,低
6265,方土昶,其他,其他,20,22.97,67.2,14635325,787380473,53.8,中
8088,品安,其他,其他,20,11.65,61.27,8864805,535434235,60.4,低
4566,時碩工業,其他,其他,20,8.39,50.0,4638644,311716862,67.2,低
4555,氣立,其他,其他,20,24.03,80.36,3866421,223479130,57.8,高
3512,皇龍,其他,其他,20,0.98,73.33,99191,2038374,20.55,中
6957,裕慶-KY,其他,其他,20,2.19,60.53,171001,27958663,163.5,低
2347,聯強,其他,其他,20,1.54,62.41,5321920,456088527,85.7,低
6546,正基,其他,其他,20,6.88,69.01,1738703,140487207,80.8,中
6174,安碁,其他,其他,20,9.53,62.59,6924044,322314242,46.55,低
6166,凌華,其他,其他,20,9.28,87.54,4555851,589982704,129.5,高
6161,捷波,其他,其他,20,18.04,75.32,1446134,87057267,60.2,高
2064,晉椿,其他,其他,20,3.77,73.17,29086,399932,13.75,中
2061,風青,其他,其他,20,34.69,88.75,1237170,40826610,33.0,高
3570,大塚,其他,其他,20,0.88,62.5,110624,19082640,172.5,低
4938,和碩,其他,其他,20,5.44,46.91,16382287,1366282760,83.4,低
3265,台星科,其他,其他,20,6.48,61.11,3863032,730113048,189.0,低
2316,楠梓電,其他,其他,20,11.59,78.57,5758834,970363529,168.5,高
2321,東訊,其他,其他,20,17.72,80.23,6317,94439,14.95,高
2330,台積電,晶圓代工,CoWoS|晶圓代工,20,2.91,50.56,41003818,94103762310,2295.0,低
2329,華泰,其他,其他,20,13.23,50.48,46129400,2763151130,59.9,低
6994,富威電力,其他,其他,20,15.36,44.85,982326,60511280,61.6,低
1623,大東電,其他,其他,20,10.81,50.0,871556,214402776,246.0,低
8109,博大,其他,其他,20,-1.18,60.32,720680,90805680,126.0,低
8107,大億金茂,其他,其他,20,6.03,54.55,553922,6813240,12.3,低
6257,矽格,其他,其他,20,5.77,63.85,12595668,2884407972,229.0,低
6244,茂迪,其他,其他,20,6.17,52.2,15407092,463753475,30.1,低
5011,久陽,其他,其他,20,14.92,71.6,1128949,20433977,18.1,中
8016,矽創,其他,其他,20,0.84,62.62,3263057,978917100,300.0,低
3551,世禾,其他,其他,20,10.41,55.73,6297832,1369778460,217.5,低
1618,合機,其他,其他,20,5.64,64.08,2020345,83238215,41.2,低
1587,吉茂,其他,其他,20,13.43,48.48,1815046,58262973,32.1,低
1582,信錦,其他,其他,20,-3.4,71.17,21244647,2411267434,113.5,中
1570,力肯,其他,其他,20,32.07,85.58,1013075,52983821,52.3,高
2379,瑞昱,IC設計,其他,20,3.3,50.53,4272875,2538087750,594.0,低
6494,九齊,其他,其他,20,5.17,56.78,1070461,63157199,59.0,低
6491,晶碩,其他,其他,20,3.91,79.03,495728,158137232,319.0,高
2327,國巨*,被動元件,被動元件,20,29.72,90.67,24896471,18473181482,742.0,高
2324,仁寶,其他,其他,20,10.38,62.38,146521274,4908462679,33.5,低
2353,宏碁,其他,其他,20,12.68,71.43,77514082,2480450624,32.0,中
2351,順德,其他,其他,20,14.58,68.32,8239315,1812649300,220.0,中
3259,鑫創,其他,其他,20,5.66,42.39,111240,1868831,16.8,低
3232,昱捷,其他,其他,20,2.69,66.94,335747,7688606,22.9,中
3226,龍鋒,其他,其他,20,6.25,59.6,12531,532567,42.5,低
3211,順達,其他,其他,20,25.35,62.6,14990813,6633434752,442.5,低
3207,耀勝,其他,其他,20,12.85,61.7,899431,58463015,65.0,低
3537,堡達,其他,其他,20,16.38,76.67,4158264,307295715,73.9,高
8042,金山電,其他,其他,20,21.2,86.16,1075675,162964762,151.5,高
8043,蜜望實,其他,其他,20,2.39,71.06,31388622,4033437927,128.5,中
8044,網家,其他,其他,20,0.17,69.97,1914426,55231190,28.85,中
8084,巨虹,其他,其他,20,7.54,56.58,150939,6996022,46.35,低
6266,泰詠,其他,其他,20,4.07,52.13,1003974,28261867,28.15,低
2478,大毅,被動元件,被動元件,20,9.48,86.88,5894189,748562003,127.0,高
2472,立隆電,其他,其他,20,39.47,86.55,9316706,3456497926,371.0,高
8039,台虹,其他,其他,20,10.43,62.5,21111207,3240570274,153.5,低
2464,盟立,其他,其他,20,23.53,70.54,17660065,2966890920,168.0,中
2453,凌群,其他,其他,20,7.9,68.46,2583054,155241541,60.1,中
1533,車王電,其他,其他,20,1.88,82.3,1406134,57089038,40.6,高
1529,樂事綠能,其他,其他,20,6.02,42.74,1752121,38546662,22.0,低
6417,韋僑,其他,其他,20,12.31,57.02,470552,68700592,146.0,低
2409,友達,面板,其他,20,4.95,61.92,537010638,11384625935,21.2,低
6449,鈺邦,其他,其他,20,27.12,88.4,441522,165570750,375.0,高
4989,榮科,其他,其他,20,6.44,62.42,16055681,1645707302,102.5,低
6438,迅得,其他,其他,20,6.4,55.56,2538649,442994250,174.5,低
2441,超豐,其他,其他,20,32.39,92.44,20845674,2939240034,141.0,高
6284,佳邦,其他,其他,20,32.76,89.42,5464980,677657520,124.0,高
2439,美律,其他,其他,20,6.64,68.79,3876568,354705972,91.5,中
8070,長華*,其他,其他,20,15.29,59.71,11216798,570935035,50.9,低
8050,廣積,其他,其他,20,13.45,80.35,4788827,278709735,58.2,高
3021,鴻名,其他,其他,20,60.23,95.87,534541,14646423,27.4,高
5351,鈺創,其他,其他,20,9.84,58.99,30178099,2492710931,82.6,低
5302,太欣,其他,其他,20,7.88,39.24,1345810,14736619,10.95,低
3048,益登,其他,其他,20,6.49,85.39,29668228,2142045971,72.2,高
3042,晶技,其他,其他,20,35.94,80.98,20683087,4498571422,217.5,高
3691,碩禾,其他,其他,20,5.96,58.89,3963875,598545125,151.0,低
3687,歐買尬,其他,其他,20,1.42,65.78,561331,40135166,71.5,中
0050,元大台灣50,其他,其他,20,4.85,59.16,152622732,15338584566,100.5,低
0057,富邦摩台,其他,其他,20,5.09,59.74,76322,22866071,299.6,低
3646,艾恩特,其他,其他,20,1.91,60.56,57432,1375496,23.95,低
3037,欣興,PCB,ABF載板|PCB,18,13.26,71.61,25098848,25726319200,1025.0,中
1560,中砂,其他,第三代半導體,17,7.17,70.08,1687066,1209626322,717.0,中
4931,新盛力,其他,BBU,17,8.29,65.98,11291903,2360007727,209.0,中
3323,加百裕,其他,BBU,17,4.52,59.11,4267302,157890174,37.0,低
3017,奇鋐,散熱,散熱,17,3.41,56.85,5060996,13057369680,2580.0,低
6274,台燿,PCB,PCB,16,16.23,59.55,8645600,13314224000,1540.0,低
2201,裕隆,車用電子,汽車零組件|車用電子,16,2.05,45.56,5213657,142593520,27.35,低
4572,駐龍,其他,軍工,16,2.1,45.83,174409,25463714,146.0,低
9944,新麗,其他,其他,15,0.29,68.97,116240,1981891,17.05,中
8936,國統,其他,其他,15,2.6,44.7,5324872,273165929,51.3,低
3702,大聯大,其他,其他,15,-1.62,60.53,10687201,1298494921,121.5,低
8933,愛地雅,其他,其他,15,6.29,23.5,616861,2917752,4.73,低
8935,邦泰,其他,其他,15,-1.98,65.17,700649,13907882,19.85,中
8921,沈氏,其他,其他,15,1.09,60.0,3113,57590,18.5,低
8917,欣泰,其他,其他,15,0.57,47.83,18585,990580,53.3,低
1315,達新,其他,其他,15,0.98,48.28,51059,3145234,61.6,低
1312,國喬,其他,其他,15,3.3,40.95,15110539,165460399,10.95,低
1323,永裕,其他,其他,15,1.26,68.0,133432,2688654,20.15,中
1338,廣華-KY,其他,其他,15,0.94,55.71,468362,7540628,16.1,低
8472,夠麻吉,其他,其他,15,-2.61,58.11,48440,3439240,71.0,低
1314,中石化,其他,其他,15,-1.39,48.57,23315821,165542326,7.1,低
3025,星通,其他,其他,15,16.87,71.33,2254468,170212334,75.5,中
1540,喬福,其他,其他,15,1.43,54.93,558969,11878091,21.25,低
8069,元太,其他,其他,15,1.08,73.99,6082719,1417273527,233.0,中
8064,東捷,其他,其他,15,10.37,64.68,12851099,1709196167,133.0,低
8081,致新,其他,其他,15,4.56,70.62,1753866,502482609,286.5,中
3673,TPK-KY,其他,其他,15,9.16,73.01,41472612,3359281572,81.0,中
3666,光耀,其他,其他,15,4.25,46.09,154658,4361355,28.2,低
4127,天良,其他,其他,15,15.03,75.69,354558,23329917,65.8,高
6279,胡連,其他,其他,15,2.51,47.17,3121948,382438630,122.5,低
2425,承啟,其他,其他,15,1.62,63.44,1596189,55228136,34.6,低
6425,易發,其他,其他,15,5.32,63.84,5926594,563026430,95.0,低
6281,全國電,其他,其他,15,0.0,47.37,268155,13595458,50.7,低
6464,台數科,其他,其他,15,0.0,82.14,62686,4889508,78.0,高
2395,研華,工業電腦,其他,15,5.83,55.34,4606689,2259580954,490.5,低
2442,新美齊,其他,其他,15,0.0,50.91,2653160,49614094,18.7,低
6282,康舒,其他,其他,15,7.65,61.81,52711055,3041427913,57.7,低
6409,旭隼,其他,其他,15,5.43,27.41,1342457,938377443,699.0,低
6416,瑞祺電通,其他,其他,15,-2.53,60.41,751779,66607618,88.6,低
1525,江申,其他,其他,15,16.44,66.51,77747,5341218,68.7,中
1532,勤美,其他,其他,15,0.48,53.49,821861,17094708,20.8,低
1539,巨庭,其他,其他,15,3.23,56.41,137409,2198544,16.0,低
2451,創見,其他,其他,15,2.71,53.29,8831807,2843841854,322.0,低
2399,映泰,其他,其他,15,10.42,61.64,8978470,428273025,47.7,低
6451,訊芯-KY,其他,其他,15,14.03,64.55,5282616,3005808504,569.0,低
2476,鉅祥,其他,其他,15,1.67,60.64,9126734,1113461548,122.0,低
2477,美隆電,其他,其他,15,0.48,50.88,391147,8233644,21.05,低
6271,同欣電,其他,其他,15,18.69,75.61,5477416,1339228212,244.5,高
3169,亞信,其他,其他,15,2.97,59.78,1260428,153142002,121.5,低
3178,公準,其他,其他,15,5.34,53.4,378400,26866400,71.0,低
8032,光菱,其他,其他,15,4.27,60.73,375967,16542548,44.0,低
8049,晶采,其他,其他,15,2.27,72.5,342491,9264381,27.05,中
1604,聲寶,其他,其他,15,0.43,78.95,364963,8503637,23.3,高
4550,長佳,其他,其他,15,0.2,58.93,42113,1050719,24.95,低
2387,精元,其他,其他,15,3.2,47.5,707039,28529022,40.35,低
6506,雙邦,其他,其他,15,-1.05,66.67,250551,4710358,18.8,中
3229,晟鈦,其他,其他,15,19.52,55.64,843112,37940040,45.0,低
3236,千如,其他,其他,15,10.88,79.37,3959252,211819982,53.5,高
3293,鈊象,其他,其他,15,1.22,56.73,2873628,2152347372,749.0,低
2467,志聖,其他,其他,15,5.47,60.36,2717026,1676405042,617.0,低
2404,漢唐,其他,其他,15,5.45,63.71,4488292,5206418720,1160.0,低
2419,仲琦,其他,其他,15,2.44,58.24,8827178,277614754,31.45,低
6525,捷敏-KY,其他,其他,15,7.46,61.43,2469353,302495742,122.5,低
3209,全科,其他,其他,15,-0.76,74.84,3914182,307263287,78.5,中
6470,宇智,其他,其他,15,0.52,54.89,183769,8903608,48.45,低
6242,立康,其他,其他,15,1.73,54.55,25439,970497,38.15,低
4438,廣越,其他,其他,15,2.42,56.94,83988,4980488,59.3,低
3531,先益,其他,其他,15,-0.64,51.22,16449,382439,23.25,低
2377,微星,被動元件,被動元件,15,9.29,71.96,27753416,3427546876,123.5,中
6961,旅天下,其他,其他,15,2.39,39.13,146623,8782717,59.9,低
6982,大井泵浦,其他,其他,15,6.35,63.11,84432,4669089,55.3,低
6988,威力暘-創,其他,其他,15,-1.5,77.46,102537,1686733,16.45,高
6552,易華電,其他,其他,15,18.82,64.42,1137073,38774187,34.1,低
4933,友輝,其他,其他,15,1.36,73.28,1002157,74660696,74.5,中
4935,茂林-KY,其他,其他,15,1.64,49.38,257805,9590346,37.2,低
4958,臻鼎-KY,載板,其他,15,3.51,63.67,20592494,10007952084,486.0,低
5007,三星,其他,其他,15,2.49,46.77,69870,4024511,57.6,低
3288,點晶,其他,其他,15,1.0,58.06,27909,421425,15.1,低
2342,茂矽,其他,其他,15,4.82,45.98,13705996,581134251,42.4,低
2349,錸德,其他,其他,15,7.91,60.91,12256721,167304236,13.65,低
4551,智伸科,其他,其他,15,-2.21,66.13,2136503,331157965,155.0,中
8091,翔名,其他,其他,15,4.88,71.9,456901,117880458,258.0,中
8097,常珵,其他,其他,15,1.4,76.53,62767,3627932,57.8,高
6263,普萊德,其他,其他,15,0.0,64.81,310678,54990006,177.0,低
2489,瑞軒,其他,其他,15,2.56,60.7,70548779,3386341392,48.0,低
6210,慶生,其他,其他,15,0.0,60.67,74967,1578055,21.05,低
6214,精誠,其他,其他,15,1.18,60.61,2319312,299191248,129.0,低
1464,得力,其他,其他,15,-1.46,53.85,720659,7278656,10.1,低
1470,大統新創,其他,其他,15,0.91,45.45,18721,413734,22.1,低
1472,三洋實業,其他,其他,15,1.91,44.62,56389,5103204,90.5,低
9103,美德醫療-DR,其他,其他,15,6.0,61.11,2197365,11646034,5.3,低
9939,宏全,其他,其他,15,-2.38,66.2,1143258,140620734,123.0,中
9942,茂順,其他,其他,15,2.14,40.91,251582,30064049,119.5,低
5014,建錩,其他,其他,15,6.34,74.75,371532,4049698,10.9,中
6236,中湛,其他,其他,15,4.99,100.0,0,0,20.0,高
1506,正道,其他,其他,15,3.47,49.21,497524,5199125,10.45,低
5205,中茂,其他,其他,15,3.3,53.78,11022,258465,23.45,低
3467,台灣精材,其他,其他,15,19.52,53.21,852727,63187069,74.1,低
3491,昇達科,其他,其他,15,8.11,65.33,1089638,2179276000,2000.0,中
6881,潤德,其他,其他,15,-0.18,53.06,14087,3824620,271.5,低
5015,華祺,其他,其他,15,9.32,59.82,25572,615006,24.05,低
6890,來億-KY,其他,其他,15,2.11,70.13,580345,98368477,169.5,中
6902,GOGOLOOK,其他,其他,15,3.07,77.88,411283,55317563,134.5,高
6598,ABC-KY,其他,其他,15,1.85,75.86,138181,3419979,24.75,高
6584,南俊國際,其他,其他,15,1.47,55.68,1375053,948786570,690.0,低
6558,興能高,其他,其他,15,1.41,63.09,2195067,70900662,32.3,低
2254,巨鎧精密-創,其他,其他,15,11.64,41.45,11053,720655,65.2,低
3310,佳穎,其他,其他,15,3.57,57.09,1085552,78811073,72.6,低
5202,力新,其他,其他,15,2.89,41.89,1113884,13867855,12.45,低
3332,幸康,其他,其他,15,1.09,49.57,115274,7504337,65.1,低
4912,聯德控股-KY,其他,其他,15,4.43,63.64,1519258,161041348,106.0,低
4711,永純,其他,其他,15,1.5,64.41,316789,5353733,16.9,低
3150,鈺寶-創,其他,其他,15,0.51,49.23,127809,2537008,19.85,低
3167,大量,其他,其他,15,5.16,62.25,494692,393280140,795.0,低
6194,育富,其他,其他,15,6.64,72.28,98707,3410326,34.55,中
2542,興富發,其他,其他,15,-3.78,60.31,13497623,566900166,42.0,低
6206,飛捷,其他,其他,15,1.09,68.93,3199524,443134074,138.5,中
4419,皇家美食,其他,其他,15,-0.11,54.64,20438,941169,46.05,低
4430,耀億,其他,其他,15,2.07,54.55,119781,2066222,17.25,低
2065,世豐,其他,其他,15,2.9,89.71,99779,3542154,35.5,高
6693,廣閎科,其他,其他,15,5.63,50.75,1535960,230394000,150.0,低
6613,朋億*,其他,其他,15,2.91,62.2,440353,116913721,265.5,低
6615,慧智,其他,其他,15,1.38,58.21,22512,746272,33.15,低
6651,全宇昕,其他,其他,15,16.4,63.33,516756,75187998,145.5,低
5209,新鼎,其他,其他,15,1.81,81.25,55460,9372740,169.0,高
2070,精湛,其他,其他,15,17.67,54.64,3637776,276107203,75.9,低
2105,正新,其他,其他,15,-1.69,47.67,11647532,371556266,31.9,低
8112,至上,其他,其他,15,0.58,43.21,46968014,4039249204,86.0,低
2109,華豐,其他,其他,15,0.71,53.57,181006,2552184,14.1,低
8121,越峰,其他,其他,15,7.1,69.33,2728762,109150480,40.0,中
2618,長榮航,其他,其他,15,0.0,47.06,86205257,3043045506,35.3,低
2636,台驊控股,其他,其他,15,2.44,46.51,445570,29897746,67.1,低
8114,振樺電,其他,其他,15,1.65,64.26,1304010,320786460,246.0,低
2645,長榮航太,其他,其他,15,0.92,50.0,1911787,313533068,164.0,低
5236,凌陽創新,其他,其他,15,2.54,61.61,871484,158174346,181.5,低
5243,乙盛-KY,其他,其他,15,7.59,59.06,10673800,1286192900,120.5,低
5245,智晶,其他,其他,15,1.9,59.02,530403,14214799,26.8,低
3081,聯亞,其他,CPO|光模組|光通訊,15,3.72,50.59,3043505,8065288250,2650.0,低
3083,網龍,其他,其他,15,-2.33,52.94,186259,5066244,27.2,低
3088,艾訊,其他,其他,15,1.82,70.67,2818650,394611000,140.0,中
6138,茂達,其他,其他,15,13.58,68.37,1974893,677388299,343.0,中
3090,日電貿,其他,其他,15,6.38,81.46,2921655,609165067,208.5,高
3105,穩懋,其他,其他,15,9.32,56.47,48717764,25722979392,528.0,低
8466,美吉吉-KY,其他,其他,15,12.68,53.24,292285,4676560,16.0,低
3114,好德,其他,其他,15,2.89,68.7,349236,9935764,28.45,中
8215,明基材,其他,其他,15,3.24,62.04,3492155,100224851,28.7,低
3372,典範,其他,其他,15,8.31,64.71,2336905,50243457,21.5,低
6719,力智,其他,其他,15,6.42,70.57,3974245,987599882,248.5,中
8213,志超,其他,其他,15,3.18,52.96,1620682,63044532,38.9,低
6727,亞泰金屬,其他,其他,15,5.86,59.0,4677274,2703464372,578.0,低
6743,安普新,其他,其他,15,1.56,45.05,552258,16208772,29.35,低
2017,官田鋼,其他,其他,15,5.15,53.25,1113417,10009618,8.99,低
2024,志聯,其他,其他,15,-0.35,47.06,41686,587772,14.1,低
6674,鋐寶科技,其他,其他,15,7.12,46.39,24500,442224,18.05,低
8249,菱光,其他,其他,15,4.98,61.03,1584710,86842106,54.8,低
1440,南紡,其他,其他,15,4.39,43.14,3376118,40175802,11.9,低
3312,弘憶股,其他,其他,15,5.23,67.68,3736853,184226850,49.3,中
1444,力麗,其他,其他,15,1.01,50.57,2956756,17770104,6.01,低
1446,宏和,其他,其他,15,2.25,52.27,292697,4653882,15.9,低
6113,亞矽,其他,其他,15,3.35,60.93,583809,15295796,26.2,低
1447,力鵬,其他,其他,15,-2.88,70.53,2014727,11544385,5.73,中
5609,中菲行,其他,其他,15,-0.5,57.41,228217,18348647,80.4,低
2762,世界健身-KY,其他,其他,15,-1.93,70.39,153294,12462802,81.3,中
2849,安泰銀,其他,其他,15,3.38,42.22,58122,799177,13.75,低
5543,桓鼎-KY,其他,其他,15,0.84,60.24,19604,591060,30.15,低
6855,數泓科,其他,其他,15,5.37,59.09,15597,1684476,108.0,低
6869,雲豹能源,其他,其他,15,2.21,42.11,993188,82831880,83.4,低
1762,中化生,其他,其他,15,5.83,53.49,486995,19455450,39.95,低
3498,陽程,其他,其他,15,-1.02,73.95,1084850,157303250,145.0,中
3434,哲固,其他,其他,15,2.98,64.58,71498,2098466,29.35,低
2006,東和鋼鐵,其他,其他,15,1.37,44.9,3810840,253039781,66.4,低
4767,誠泰科技,其他,其他,15,1.51,50.94,17301,465396,26.9,低
6835,圓裕,其他,其他,15,-0.51,53.95,649160,25317240,39.0,低
4771,望隼,其他,其他,15,2.06,64.1,299217,59394574,198.5,低
2851,中再保,其他,其他,15,-0.98,71.66,2373471,83546181,35.2,中
2852,第一保,其他,其他,15,-0.55,72.73,363957,9790443,26.9,中
3049,精金,其他,其他,15,3.33,45.88,14354214,177992248,12.4,低
3057,喬鼎,其他,其他,15,4.7,38.52,297698,5968844,20.05,低
3059,華晶科,其他,其他,15,-3.13,61.16,12796481,535532710,41.85,低
3060,銘異,其他,其他,15,4.17,54.22,3724964,106906469,28.7,低
3062,建漢,其他,其他,15,3.52,60.83,13010171,382499022,29.4,低
3071,協禧,其他,其他,15,6.57,60.17,1298406,41094549,31.65,低
4167,松瑞藥,其他,其他,15,-0.78,58.49,1607047,30855303,19.2,低
4168,醣聯,其他,其他,15,7.0,78.41,498651,13712902,27.5,高
4175,杏一,其他,其他,15,0.56,47.5,43090,2313933,53.7,低
3609,三一東林,其他,其他,15,0.71,70.29,625794,17647391,28.2,中
3615,安可,其他,其他,15,12.6,72.39,8996537,438131358,48.7,中
8342,益張,其他,其他,15,1.0,63.04,4005,365255,91.2,低
4768,晶呈科技,其他,其他,15,10.09,46.4,2080089,1021323699,491.0,低
8390,金益鼎,其他,其他,15,0.83,78.68,1365405,165214005,121.0,高
8436,大江,其他,其他,15,0.0,44.12,732602,87912240,120.0,低
5520,力泰,其他,其他,15,0.24,68.75,3020,248848,82.4,中
2886,兆豐金,其他,其他,15,-1.0,45.65,36793957,1464399460,39.8,低
5538,東明-KY,其他,其他,15,1.75,64.73,45175,1578866,34.95,低
5484,慧友,其他,其他,15,11.68,68.31,1706558,79952239,46.85,中
4722,國精化,其他,其他,15,4.41,62.12,909025,247254800,272.0,低
5522,遠雄,其他,其他,15,2.27,57.25,1325230,95416560,72.0,低
4739,康普,其他,其他,15,3.81,61.51,4849556,476226384,98.2,低
6757,台灣虎航,其他,其他,15,1.11,40.35,2166804,118740857,54.8,低
6761,穩得,其他,其他,15,14.07,58.67,1289979,287665317,223.0,低
6762,達亞,其他,其他,15,-8.51,70.77,17793,3060396,172.0,中
6831,邁科,其他,其他,15,1.15,87.2,496212,392007480,790.0,高
6834,天二科技,其他,其他,15,5.86,70.51,1514654,106783107,70.5,中
1726,永記,其他,其他,15,0.0,55.26,56366,4340182,77.0,低
4729,熒茂,其他,其他,15,2.7,66.53,1296029,32011917,24.7,中
1732,毛寶,其他,其他,15,0.0,51.61,359791,9570440,26.6,低
5512,力麒,其他,其他,15,1.01,50.7,2204566,15387870,6.98,低
2911,麗嬰房,其他,其他,15,5.44,76.66,478425,3985280,8.33,高
2908,特力,其他,其他,15,1.9,76.19,311780,6687681,21.45,高
2923,鼎固-KY,其他,其他,15,11.74,32.13,73735,1754892,23.8,低
2948,寶陞,其他,其他,15,0.53,49.63,5001,190038,38.0,低
3003,健和興,其他,其他,15,2.81,66.33,1964198,122173117,62.2,中
2916,滿心,其他,其他,15,-0.67,82.6,455858,19898202,43.65,高
3008,大立光,其他,其他,15,-1.01,67.92,1348800,4619640000,3425.0,中
3013,晟銘電,其他,其他,15,16.92,60.4,5129681,602737517,117.5,低
1309,台達化,其他,其他,15,3.83,44.83,12985054,211007127,16.25,低
4108,懷特,其他,其他,15,4.58,57.14,292420,3669871,12.55,低
3030,德律,其他,其他,15,7.21,55.04,7042147,2880238123,409.0,低
3712,永崴投控,其他,其他,15,5.73,25.45,1452630,24113658,16.6,低
9110,越南控-DR,其他,其他,15,7.54,38.71,112000,303520,2.71,低
0055,元大MSCI金融,其他,其他,15,2.53,57.37,614405,21412013,34.85,低
